{
  "count": 5,
  "value": [
    {
      "id": 654,
      "rev": 2,
      "fields": {
        "System.AreaPath": "KLZ Template",
        "System.TeamProject": "KLZ Template",
        "System.IterationPath": "$ProjectName$\\Iteration 1",
        "System.WorkItemType": "Epic",
        "System.State": "New",
        "System.Reason": "New",
        "System.CreatedDate": "2023-02-15T12:40:28.353Z",
        "System.CreatedBy": "Ashley Rutland <Ashley.rutland@kainos.com>",
        "System.ChangedDate": "2023-02-15T12:40:36.047Z",
        "System.ChangedBy": "Ashley Rutland <Ashley.rutland@kainos.com>",
        "System.Title": "Strategy",
        "Microsoft.VSTS.Scheduling.Effort": 0.0,
        "System.Description": "<div><span style=\"display:inline !important;\">Cloud Adoption Strategy</span><br> </div>",
        "System.AssignedTo": null,
        "Microsoft.VSTS.Scheduling.RemainingWork": 0.0,
        "Microsoft.VSTS.Common.Priority": 2.0,
        "System.BoardLane": null,
        "System.Tags": null,
        "Microsoft.VSTS.TCM.Steps": null,
        "Microsoft.VSTS.TCM.Parameters": null,
        "Microsoft.VSTS.TCM.LocalDataSource": null,
        "Microsoft.VSTS.TCM.AutomationStatus": null,
        "System.History": null
      },
      "relations": [
        {
          "rel": "System.LinkTypes.Hierarchy-Forward",
          "url": "https://dev.azure.com/Kainos-ALZ/_apis/wit/workItems/659",
          "attributes": {
            "isLocked": "false",
            "comment": "Define Adoption Strategy",
            "name": "Child"
          }
        }
      ],
      "url": "https://dev.azure.com/Kainos-ALZ/_apis/wit/workItems/654"
    },
    {
      "id": 655,
      "rev": 1,
      "fields": {
        "System.AreaPath": "KLZ Template",
        "System.TeamProject": "KLZ Template",
        "System.IterationPath": "$ProjectName$\\Iteration 1",
        "System.WorkItemType": "Epic",
        "System.State": "New",
        "System.Reason": "New",
        "System.CreatedDate": "2023-02-15T12:40:56.617Z",
        "System.CreatedBy": "Ashley Rutland <Ashley.rutland@kainos.com>",
        "System.ChangedDate": "2023-02-15T12:40:56.617Z",
        "System.ChangedBy": "Ashley Rutland <Ashley.rutland@kainos.com>",
        "System.Title": "Plan",
        "Microsoft.VSTS.Scheduling.Effort": 0.0,
        "System.Description": null,
        "System.AssignedTo": null,
        "Microsoft.VSTS.Scheduling.RemainingWork": 0.0,
        "Microsoft.VSTS.Common.Priority": 2.0,
        "System.BoardLane": null,
        "System.Tags": null,
        "Microsoft.VSTS.TCM.Steps": null,
        "Microsoft.VSTS.TCM.Parameters": null,
        "Microsoft.VSTS.TCM.LocalDataSource": null,
        "Microsoft.VSTS.TCM.AutomationStatus": null,
        "System.History": null
      },
      "relations": [
        {
          "rel": "System.LinkTypes.Hierarchy-Forward",
          "url": "https://dev.azure.com/Kainos-ALZ/_apis/wit/workItems/660",
          "attributes": {
            "isLocked": "false",
            "comment": "Define the Cloud Adoption Plan: https://docs.microsoft.com/en-us/azure/cloud-adoption-framework/plan/plan-intro",
            "name": "Child"
          }
        }
      ],
      "url": "https://dev.azure.com/Kainos-ALZ/_apis/wit/workItems/655"
    },
    {
      "id": 656,
      "rev": 1,
      "fields": {
        "System.AreaPath": "KLZ Template",
        "System.TeamProject": "KLZ Template",
        "System.IterationPath": "$ProjectName$\\Iteration 1",
        "System.WorkItemType": "Epic",
        "System.State": "New",
        "System.Reason": "New",
        "System.CreatedDate": "2023-02-15T12:41:09.727Z",
        "System.CreatedBy": "Ashley Rutland <Ashley.rutland@kainos.com>",
        "System.ChangedDate": "2023-02-15T12:41:09.727Z",
        "System.ChangedBy": "Ashley Rutland <Ashley.rutland@kainos.com>",
        "System.Title": "Ready",
        "Microsoft.VSTS.Scheduling.Effort": 0.0,
        "System.Description": null,
        "System.AssignedTo": null,
        "Microsoft.VSTS.Scheduling.RemainingWork": 0.0,
        "Microsoft.VSTS.Common.Priority": 2.0,
        "System.BoardLane": null,
        "System.Tags": null,
        "Microsoft.VSTS.TCM.Steps": null,
        "Microsoft.VSTS.TCM.Parameters": null,
        "Microsoft.VSTS.TCM.LocalDataSource": null,
        "Microsoft.VSTS.TCM.AutomationStatus": null,
        "System.History": null
      },
      "relations": [
        {
          "rel": "System.LinkTypes.Hierarchy-Forward",
          "url": "https://dev.azure.com/Kainos-ALZ/_apis/wit/workItems/661",
          "attributes": {
            "isLocked": "false",
            "comment": "Review the Azure Readiness Guide to become familiar with the tools and approaches needed in landing zone creation.",
            "name": "Child"
          }
        },
        {
          "rel": "System.LinkTypes.Hierarchy-Forward",
          "url": "https://dev.azure.com/Kainos-ALZ/_apis/wit/workItems/178",
          "attributes": {
            "isLocked": "false",
            "name": "Child"
          }
        }
      ],
      "url": "https://dev.azure.com/Kainos-ALZ/_apis/wit/workItems/656"
    },
    {
      "id": 657,
      "rev": 1,
      "fields": {
        "System.AreaPath": "KLZ Template",
        "System.TeamProject": "KLZ Template",
        "System.IterationPath": "$ProjectName$\\Iteration 1",
        "System.WorkItemType": "Epic",
        "System.State": "New",
        "System.Reason": "New",
        "System.CreatedDate": "2023-02-15T12:41:20.58Z",
        "System.CreatedBy": "Ashley Rutland <Ashley.rutland@kainos.com>",
        "System.ChangedDate": "2023-02-15T12:41:20.58Z",
        "System.ChangedBy": "Ashley Rutland <Ashley.rutland@kainos.com>",
        "System.Title": "Govern",
        "Microsoft.VSTS.Scheduling.Effort": 0.0,
        "System.Description": null,
        "System.AssignedTo": null,
        "Microsoft.VSTS.Scheduling.RemainingWork": 0.0,
        "Microsoft.VSTS.Common.Priority": 2.0,
        "System.BoardLane": null,
        "System.Tags": null,
        "Microsoft.VSTS.TCM.Steps": null,
        "Microsoft.VSTS.TCM.Parameters": null,
        "Microsoft.VSTS.TCM.LocalDataSource": null,
        "Microsoft.VSTS.TCM.AutomationStatus": null,
        "System.History": null
      },
      "relations": [
        {
          "rel": "System.LinkTypes.Hierarchy-Forward",
          "url": "https://dev.azure.com/Kainos-ALZ/_apis/wit/workItems/664",
          "attributes": {
            "isLocked": "false",
            "comment": "Azure Fundamentals & Governance",
            "name": "Child"
          }
        },
        {
          "rel": "System.LinkTypes.Hierarchy-Forward",
          "url": "https://dev.azure.com/Kainos-ALZ/_apis/wit/workItems/663",
          "attributes": {
            "isLocked": "false",
            "comment": "It is important to understand the gaps of governance that we have today, the Cloud Adoption Framework Governance Benchmark evaluation helps us determine where those gaps exist.",
            "name": "Child"
          }
        }
      ],
      "url": "https://dev.azure.com/Kainos-ALZ/_apis/wit/workItems/657"
    },
    {
      "id": 658,
      "rev": 1,
      "fields": {
        "System.AreaPath": "KLZ Template",
        "System.TeamProject": "KLZ Template",
        "System.IterationPath": "$ProjectName$\\Iteration 1",
        "System.WorkItemType": "Epic",
        "System.State": "New",
        "System.Reason": "New",
        "System.CreatedDate": "2023-02-15T12:41:30.66Z",
        "System.CreatedBy": "Ashley Rutland <Ashley.rutland@kainos.com>",
        "System.ChangedDate": "2023-02-15T12:41:30.66Z",
        "System.ChangedBy": "Ashley Rutland <Ashley.rutland@kainos.com>",
        "System.Title": "Manage",
        "Microsoft.VSTS.Scheduling.Effort": 0.0,
        "System.Description": null,
        "System.AssignedTo": null,
        "Microsoft.VSTS.Scheduling.RemainingWork": 0.0,
        "Microsoft.VSTS.Common.Priority": 2.0,
        "System.BoardLane": null,
        "System.Tags": null,
        "Microsoft.VSTS.TCM.Steps": null,
        "Microsoft.VSTS.TCM.Parameters": null,
        "Microsoft.VSTS.TCM.LocalDataSource": null,
        "Microsoft.VSTS.TCM.AutomationStatus": null,
        "System.History": null
      },
      "relations": null,
      "url": "https://dev.azure.com/Kainos-ALZ/_apis/wit/workItems/658"
    }
  ],
  "HttpStatusCode": 0,
  "Message": null
}