{
  "count": 6,
  "value": [
    {
      "id": 178,
      "rev": 4,
      "fields": {
        "System.AreaPath": "KLZ Template",
        "System.TeamProject": "KLZ Template",
        "System.IterationPath": "$ProjectName$\\Iteration 1",
        "System.WorkItemType": "Feature",
        "System.State": "New",
        "System.Reason": "New",
        "System.CreatedDate": "2023-02-14T17:22:06.417Z",
        "System.CreatedBy": "Ashley Rutland <Ashley.rutland@kainos.com>",
        "System.ChangedDate": "2023-02-15T12:59:19.263Z",
        "System.ChangedBy": "Ashley Rutland <Ashley.rutland@kainos.com>",
        "System.Title": "Create the Landing zone",
        "Microsoft.VSTS.Scheduling.Effort": 0.0,
        "System.Description": "<div><span style=\"display:inline !important;\"><a href=\"https://docs.microsoft.com/azure/cloud-adoption-framework/ready/landing-zone/\">https://docs.microsoft.com/azure/cloud-adoption-framework/ready/landing-zone/</a></span><br> </div>",
        "System.AssignedTo": null,
        "Microsoft.VSTS.Scheduling.RemainingWork": 0.0,
        "Microsoft.VSTS.Common.Priority": 2.0,
        "System.BoardLane": null,
        "System.Tags": null,
        "Microsoft.VSTS.TCM.Steps": null,
        "Microsoft.VSTS.TCM.Parameters": null,
        "Microsoft.VSTS.TCM.LocalDataSource": null,
        "Microsoft.VSTS.TCM.AutomationStatus": null,
        "System.History": null
      },
      "relations": [
        {
          "rel": "System.LinkTypes.Hierarchy-Forward",
          "url": "https://dev.azure.com/Kainos-ALZ/_apis/wit/workItems/186",
          "attributes": {
            "isLocked": "false",
            "name": "Child"
          }
        },
        {
          "rel": "System.LinkTypes.Hierarchy-Forward",
          "url": "https://dev.azure.com/Kainos-ALZ/_apis/wit/workItems/183",
          "attributes": {
            "isLocked": "false",
            "name": "Child"
          }
        },
        {
          "rel": "System.LinkTypes.Hierarchy-Forward",
          "url": "https://dev.azure.com/Kainos-ALZ/_apis/wit/workItems/179",
          "attributes": {
            "isLocked": "false",
            "name": "Child"
          }
        },
        {
          "rel": "System.LinkTypes.Hierarchy-Forward",
          "url": "https://dev.azure.com/Kainos-ALZ/_apis/wit/workItems/203",
          "attributes": {
            "isLocked": "false",
            "name": "Child"
          }
        },
        {
          "rel": "System.LinkTypes.Hierarchy-Forward",
          "url": "https://dev.azure.com/Kainos-ALZ/_apis/wit/workItems/182",
          "attributes": {
            "isLocked": "false",
            "name": "Child"
          }
        },
        {
          "rel": "System.LinkTypes.Hierarchy-Forward",
          "url": "https://dev.azure.com/Kainos-ALZ/_apis/wit/workItems/675",
          "attributes": {
            "isLocked": "false",
            "name": "Child"
          }
        },
        {
          "rel": "System.LinkTypes.Hierarchy-Forward",
          "url": "https://dev.azure.com/Kainos-ALZ/_apis/wit/workItems/188",
          "attributes": {
            "isLocked": "false",
            "name": "Child"
          }
        },
        {
          "rel": "System.LinkTypes.Hierarchy-Forward",
          "url": "https://dev.azure.com/Kainos-ALZ/_apis/wit/workItems/187",
          "attributes": {
            "isLocked": "false",
            "name": "Child"
          }
        },
        {
          "rel": "System.LinkTypes.Hierarchy-Forward",
          "url": "https://dev.azure.com/Kainos-ALZ/_apis/wit/workItems/180",
          "attributes": {
            "isLocked": "false",
            "name": "Child"
          }
        },
        {
          "rel": "System.LinkTypes.Hierarchy-Forward",
          "url": "https://dev.azure.com/Kainos-ALZ/_apis/wit/workItems/674",
          "attributes": {
            "isLocked": "false",
            "name": "Child"
          }
        },
        {
          "rel": "System.LinkTypes.Hierarchy-Reverse",
          "url": "https://dev.azure.com/Kainos-ALZ/_apis/wit/workItems/656",
          "attributes": {
            "isLocked": "false",
            "name": "Parent"
          }
        },
        {
          "rel": "System.LinkTypes.Hierarchy-Forward",
          "url": "https://dev.azure.com/Kainos-ALZ/_apis/wit/workItems/185",
          "attributes": {
            "isLocked": "false",
            "name": "Child"
          }
        }
      ],
      "url": "https://dev.azure.com/Kainos-ALZ/_apis/wit/workItems/178"
    },
    {
      "id": 659,
      "rev": 2,
      "fields": {
        "System.AreaPath": "KLZ Template",
        "System.TeamProject": "KLZ Template",
        "System.IterationPath": "$ProjectName$\\Iteration 1",
        "System.WorkItemType": "Feature",
        "System.State": "New",
        "System.Reason": "New",
        "System.CreatedDate": "2023-02-15T12:42:29Z",
        "System.CreatedBy": "Ashley Rutland <Ashley.rutland@kainos.com>",
        "System.ChangedDate": "2023-02-15T12:50:19.24Z",
        "System.ChangedBy": "Ashley Rutland <Ashley.rutland@kainos.com>",
        "System.Title": "Define Adoption Strategy",
        "Microsoft.VSTS.Scheduling.Effort": 0.0,
        "System.Description": "<div><span style=\"display:inline !important;\">Define Adoption Strategy</span><br> </div>",
        "System.AssignedTo": null,
        "Microsoft.VSTS.Scheduling.RemainingWork": 0.0,
        "Microsoft.VSTS.Common.Priority": 2.0,
        "System.BoardLane": null,
        "System.Tags": null,
        "Microsoft.VSTS.TCM.Steps": null,
        "Microsoft.VSTS.TCM.Parameters": null,
        "Microsoft.VSTS.TCM.LocalDataSource": null,
        "Microsoft.VSTS.TCM.AutomationStatus": null,
        "System.History": null
      },
      "relations": [
        {
          "rel": "System.LinkTypes.Hierarchy-Forward",
          "url": "https://dev.azure.com/Kainos-ALZ/_apis/wit/workItems/668",
          "attributes": {
            "isLocked": "false",
            "name": "Child"
          }
        },
        {
          "rel": "System.LinkTypes.Hierarchy-Forward",
          "url": "https://dev.azure.com/Kainos-ALZ/_apis/wit/workItems/667",
          "attributes": {
            "isLocked": "false",
            "name": "Child"
          }
        },
        {
          "rel": "System.LinkTypes.Hierarchy-Reverse",
          "url": "https://dev.azure.com/Kainos-ALZ/_apis/wit/workItems/654",
          "attributes": {
            "isLocked": "false",
            "comment": "Define Adoption Strategy",
            "name": "Parent"
          }
        },
        {
          "rel": "System.LinkTypes.Hierarchy-Forward",
          "url": "https://dev.azure.com/Kainos-ALZ/_apis/wit/workItems/666",
          "attributes": {
            "isLocked": "false",
            "comment": "Engage motivated stakeholders and executives to document specific business outcomes.",
            "name": "Child"
          }
        },
        {
          "rel": "System.LinkTypes.Hierarchy-Forward",
          "url": "https://dev.azure.com/Kainos-ALZ/_apis/wit/workItems/665",
          "attributes": {
            "isLocked": "false",
            "comment": "Meet with key stakeholders and executives to document the motivations which are driving an interest in cloud adoption. Consider classifying your priorities by horizon 1, 2 and 3.",
            "name": "Child"
          }
        }
      ],
      "url": "https://dev.azure.com/Kainos-ALZ/_apis/wit/workItems/659"
    },
    {
      "id": 660,
      "rev": 1,
      "fields": {
        "System.AreaPath": "KLZ Template",
        "System.TeamProject": "KLZ Template",
        "System.IterationPath": "$ProjectName$\\Iteration 1",
        "System.WorkItemType": "Feature",
        "System.State": "New",
        "System.Reason": "New",
        "System.CreatedDate": "2023-02-15T12:44:21.797Z",
        "System.CreatedBy": "Ashley Rutland <Ashley.rutland@kainos.com>",
        "System.ChangedDate": "2023-02-15T12:44:21.797Z",
        "System.ChangedBy": "Ashley Rutland <Ashley.rutland@kainos.com>",
        "System.Title": "Build the Cloud Adoption Plan",
        "Microsoft.VSTS.Scheduling.Effort": 0.0,
        "System.Description": null,
        "System.AssignedTo": null,
        "Microsoft.VSTS.Scheduling.RemainingWork": 0.0,
        "Microsoft.VSTS.Common.Priority": 2.0,
        "System.BoardLane": null,
        "System.Tags": null,
        "Microsoft.VSTS.TCM.Steps": null,
        "Microsoft.VSTS.TCM.Parameters": null,
        "Microsoft.VSTS.TCM.LocalDataSource": null,
        "Microsoft.VSTS.TCM.AutomationStatus": null,
        "System.History": null
      },
      "relations": [
        {
          "rel": "System.LinkTypes.Hierarchy-Forward",
          "url": "https://dev.azure.com/Kainos-ALZ/_apis/wit/workItems/669",
          "attributes": {
            "isLocked": "false",
            "name": "Child"
          }
        },
        {
          "rel": "System.LinkTypes.Hierarchy-Reverse",
          "url": "https://dev.azure.com/Kainos-ALZ/_apis/wit/workItems/655",
          "attributes": {
            "isLocked": "false",
            "comment": "Define the Cloud Adoption Plan: https://docs.microsoft.com/en-us/azure/cloud-adoption-framework/plan/plan-intro",
            "name": "Parent"
          }
        },
        {
          "rel": "System.LinkTypes.Hierarchy-Forward",
          "url": "https://dev.azure.com/Kainos-ALZ/_apis/wit/workItems/670",
          "attributes": {
            "isLocked": "false",
            "name": "Child"
          }
        },
        {
          "rel": "System.LinkTypes.Hierarchy-Forward",
          "url": "https://dev.azure.com/Kainos-ALZ/_apis/wit/workItems/671",
          "attributes": {
            "isLocked": "false",
            "name": "Child"
          }
        }
      ],
      "url": "https://dev.azure.com/Kainos-ALZ/_apis/wit/workItems/660"
    },
    {
      "id": 661,
      "rev": 2,
      "fields": {
        "System.AreaPath": "KLZ Template",
        "System.TeamProject": "KLZ Template",
        "System.IterationPath": "$ProjectName$\\Iteration 1",
        "System.WorkItemType": "Feature",
        "System.State": "New",
        "System.Reason": "New",
        "System.CreatedDate": "2023-02-15T12:45:21.403Z",
        "System.CreatedBy": "Ashley Rutland <Ashley.rutland@kainos.com>",
        "System.ChangedDate": "2023-02-15T13:03:50.587Z",
        "System.ChangedBy": "Ashley Rutland <Ashley.rutland@kainos.com>",
        "System.Title": "Getting Started with Azure",
        "Microsoft.VSTS.Scheduling.Effort": 0.0,
        "System.Description": null,
        "System.AssignedTo": null,
        "Microsoft.VSTS.Scheduling.RemainingWork": 0.0,
        "Microsoft.VSTS.Common.Priority": 2.0,
        "System.BoardLane": null,
        "System.Tags": null,
        "Microsoft.VSTS.TCM.Steps": null,
        "Microsoft.VSTS.TCM.Parameters": null,
        "Microsoft.VSTS.TCM.LocalDataSource": null,
        "Microsoft.VSTS.TCM.AutomationStatus": null,
        "System.History": null
      },
      "relations": [
        {
          "rel": "System.LinkTypes.Hierarchy-Forward",
          "url": "https://dev.azure.com/Kainos-ALZ/_apis/wit/workItems/672",
          "attributes": {
            "isLocked": "false",
            "name": "Child"
          }
        },
        {
          "rel": "System.LinkTypes.Hierarchy-Forward",
          "url": "https://dev.azure.com/Kainos-ALZ/_apis/wit/workItems/673",
          "attributes": {
            "isLocked": "false",
            "name": "Child"
          }
        },
        {
          "rel": "System.LinkTypes.Hierarchy-Reverse",
          "url": "https://dev.azure.com/Kainos-ALZ/_apis/wit/workItems/656",
          "attributes": {
            "isLocked": "false",
            "comment": "Review the Azure Readiness Guide to become familiar with the tools and approaches needed in landing zone creation.",
            "name": "Parent"
          }
        }
      ],
      "url": "https://dev.azure.com/Kainos-ALZ/_apis/wit/workItems/661"
    },
    {
      "id": 663,
      "rev": 1,
      "fields": {
        "System.AreaPath": "KLZ Template",
        "System.TeamProject": "KLZ Template",
        "System.IterationPath": "$ProjectName$\\Iteration 1",
        "System.WorkItemType": "Feature",
        "System.State": "New",
        "System.Reason": "New",
        "System.CreatedDate": "2023-02-15T12:47:15.097Z",
        "System.CreatedBy": "Ashley Rutland <Ashley.rutland@kainos.com>",
        "System.ChangedDate": "2023-02-15T12:47:15.097Z",
        "System.ChangedBy": "Ashley Rutland <Ashley.rutland@kainos.com>",
        "System.Title": "Establish Governance Baseline & Governance Disciplines",
        "Microsoft.VSTS.Scheduling.Effort": 0.0,
        "System.Description": null,
        "System.AssignedTo": null,
        "Microsoft.VSTS.Scheduling.RemainingWork": 0.0,
        "Microsoft.VSTS.Common.Priority": 2.0,
        "System.BoardLane": null,
        "System.Tags": null,
        "Microsoft.VSTS.TCM.Steps": null,
        "Microsoft.VSTS.TCM.Parameters": null,
        "Microsoft.VSTS.TCM.LocalDataSource": null,
        "Microsoft.VSTS.TCM.AutomationStatus": null,
        "System.History": null
      },
      "relations": [
        {
          "rel": "System.LinkTypes.Hierarchy-Reverse",
          "url": "https://dev.azure.com/Kainos-ALZ/_apis/wit/workItems/657",
          "attributes": {
            "isLocked": "false",
            "comment": "It is important to understand the gaps of governance that we have today, the Cloud Adoption Framework Governance Benchmark evaluation helps us determine where those gaps exist.",
            "name": "Parent"
          }
        },
        {
          "rel": "System.LinkTypes.Hierarchy-Forward",
          "url": "https://dev.azure.com/Kainos-ALZ/_apis/wit/workItems/681",
          "attributes": {
            "isLocked": "false",
            "name": "Child"
          }
        },
        {
          "rel": "System.LinkTypes.Hierarchy-Forward",
          "url": "https://dev.azure.com/Kainos-ALZ/_apis/wit/workItems/678",
          "attributes": {
            "isLocked": "false",
            "name": "Child"
          }
        },
        {
          "rel": "System.LinkTypes.Hierarchy-Forward",
          "url": "https://dev.azure.com/Kainos-ALZ/_apis/wit/workItems/682",
          "attributes": {
            "isLocked": "false",
            "name": "Child"
          }
        },
        {
          "rel": "System.LinkTypes.Hierarchy-Forward",
          "url": "https://dev.azure.com/Kainos-ALZ/_apis/wit/workItems/676",
          "attributes": {
            "isLocked": "false",
            "name": "Child"
          }
        },
        {
          "rel": "System.LinkTypes.Hierarchy-Forward",
          "url": "https://dev.azure.com/Kainos-ALZ/_apis/wit/workItems/683",
          "attributes": {
            "isLocked": "false",
            "name": "Child"
          }
        },
        {
          "rel": "System.LinkTypes.Hierarchy-Forward",
          "url": "https://dev.azure.com/Kainos-ALZ/_apis/wit/workItems/679",
          "attributes": {
            "isLocked": "false",
            "name": "Child"
          }
        },
        {
          "rel": "System.LinkTypes.Hierarchy-Forward",
          "url": "https://dev.azure.com/Kainos-ALZ/_apis/wit/workItems/677",
          "attributes": {
            "isLocked": "false",
            "name": "Child"
          }
        },
        {
          "rel": "System.LinkTypes.Hierarchy-Forward",
          "url": "https://dev.azure.com/Kainos-ALZ/_apis/wit/workItems/680",
          "attributes": {
            "isLocked": "false",
            "name": "Child"
          }
        }
      ],
      "url": "https://dev.azure.com/Kainos-ALZ/_apis/wit/workItems/663"
    },
    {
      "id": 664,
      "rev": 1,
      "fields": {
        "System.AreaPath": "KLZ Template",
        "System.TeamProject": "KLZ Template",
        "System.IterationPath": "$ProjectName$\\Iteration 1",
        "System.WorkItemType": "Feature",
        "System.State": "New",
        "System.Reason": "New",
        "System.CreatedDate": "2023-02-15T12:47:41.173Z",
        "System.CreatedBy": "Ashley Rutland <Ashley.rutland@kainos.com>",
        "System.ChangedDate": "2023-02-15T12:47:41.173Z",
        "System.ChangedBy": "Ashley Rutland <Ashley.rutland@kainos.com>",
        "System.Title": "Tools to govern your Azure environment",
        "Microsoft.VSTS.Scheduling.Effort": 0.0,
        "System.Description": null,
        "System.AssignedTo": null,
        "Microsoft.VSTS.Scheduling.RemainingWork": 0.0,
        "Microsoft.VSTS.Common.Priority": 2.0,
        "System.BoardLane": null,
        "System.Tags": null,
        "Microsoft.VSTS.TCM.Steps": null,
        "Microsoft.VSTS.TCM.Parameters": null,
        "Microsoft.VSTS.TCM.LocalDataSource": null,
        "Microsoft.VSTS.TCM.AutomationStatus": null,
        "System.History": null
      },
      "relations": [
        {
          "rel": "System.LinkTypes.Hierarchy-Reverse",
          "url": "https://dev.azure.com/Kainos-ALZ/_apis/wit/workItems/657",
          "attributes": {
            "isLocked": "false",
            "comment": "Azure Fundamentals & Governance",
            "name": "Parent"
          }
        },
        {
          "rel": "System.LinkTypes.Hierarchy-Forward",
          "url": "https://dev.azure.com/Kainos-ALZ/_apis/wit/workItems/692",
          "attributes": {
            "isLocked": "false",
            "name": "Child"
          }
        },
        {
          "rel": "System.LinkTypes.Hierarchy-Forward",
          "url": "https://dev.azure.com/Kainos-ALZ/_apis/wit/workItems/690",
          "attributes": {
            "isLocked": "false",
            "name": "Child"
          }
        },
        {
          "rel": "System.LinkTypes.Hierarchy-Forward",
          "url": "https://dev.azure.com/Kainos-ALZ/_apis/wit/workItems/691",
          "attributes": {
            "isLocked": "false",
            "name": "Child"
          }
        },
        {
          "rel": "System.LinkTypes.Hierarchy-Forward",
          "url": "https://dev.azure.com/Kainos-ALZ/_apis/wit/workItems/693",
          "attributes": {
            "isLocked": "false",
            "name": "Child"
          }
        },
        {
          "rel": "System.LinkTypes.Hierarchy-Forward",
          "url": "https://dev.azure.com/Kainos-ALZ/_apis/wit/workItems/688",
          "attributes": {
            "isLocked": "false",
            "name": "Child"
          }
        },
        {
          "rel": "System.LinkTypes.Hierarchy-Forward",
          "url": "https://dev.azure.com/Kainos-ALZ/_apis/wit/workItems/687",
          "attributes": {
            "isLocked": "false",
            "name": "Child"
          }
        },
        {
          "rel": "System.LinkTypes.Hierarchy-Forward",
          "url": "https://dev.azure.com/Kainos-ALZ/_apis/wit/workItems/684",
          "attributes": {
            "isLocked": "false",
            "name": "Child"
          }
        },
        {
          "rel": "System.LinkTypes.Hierarchy-Forward",
          "url": "https://dev.azure.com/Kainos-ALZ/_apis/wit/workItems/696",
          "attributes": {
            "isLocked": "false",
            "name": "Child"
          }
        },
        {
          "rel": "System.LinkTypes.Hierarchy-Forward",
          "url": "https://dev.azure.com/Kainos-ALZ/_apis/wit/workItems/694",
          "attributes": {
            "isLocked": "false",
            "name": "Child"
          }
        },
        {
          "rel": "System.LinkTypes.Hierarchy-Forward",
          "url": "https://dev.azure.com/Kainos-ALZ/_apis/wit/workItems/686",
          "attributes": {
            "isLocked": "false",
            "name": "Child"
          }
        },
        {
          "rel": "System.LinkTypes.Hierarchy-Forward",
          "url": "https://dev.azure.com/Kainos-ALZ/_apis/wit/workItems/689",
          "attributes": {
            "isLocked": "false",
            "name": "Child"
          }
        },
        {
          "rel": "System.LinkTypes.Hierarchy-Forward",
          "url": "https://dev.azure.com/Kainos-ALZ/_apis/wit/workItems/695",
          "attributes": {
            "isLocked": "false",
            "name": "Child"
          }
        },
        {
          "rel": "System.LinkTypes.Hierarchy-Forward",
          "url": "https://dev.azure.com/Kainos-ALZ/_apis/wit/workItems/685",
          "attributes": {
            "isLocked": "false",
            "name": "Child"
          }
        },
        {
          "rel": "System.LinkTypes.Hierarchy-Forward",
          "url": "https://dev.azure.com/Kainos-ALZ/_apis/wit/workItems/697",
          "attributes": {
            "isLocked": "false",
            "name": "Child"
          }
        }
      ],
      "url": "https://dev.azure.com/Kainos-ALZ/_apis/wit/workItems/664"
    }
  ],
  "HttpStatusCode": 0,
  "Message": null
}