{
  "data": {
    "environment": "AzureCloud",
    "subscriptionId": "bee53a59-8c39-4831-b113-d66083fd6237",
    "subscriptionName": "ALZ-Management–MPN",
    "scopeLevel": "Subscription",
    "managementGroupName": "",
    "managementGroupId": ""
  },
  "name": "xxx-terraform-spn",
  "type": "azurerm",
  "url": "https://management.azure.com/",
  "authorization": {
    "parameters": {
      "tenantId": "832b0908-3585-4294-a01c-7763fc195006",
      "servicePrincipalId": "c4e32a40-172d-4220-90c8-704b7c84d4bc",
      "authenticationType": "spnKey",
      "servicePrincipalKey": "spnKey"
    },
    "scheme": "ServicePrincipal"
  },
  "isShared": false,
  "isReady": true,
  "owner": "Library"
}