{
  "count": 1,
  "value": [
    {
      "variables": {
        "spn-client-id": {
          "enabled": true,
          "contentType": "",
          "value": null,
          "isSecret": true
        },
        "spn-client-secret": {
          "enabled": true,
          "contentType": "",
          "expires": "2025-02-08T12:43:46Z",
          "value": null,
          "isSecret": true
        },
        "spn-tenant-id": {
          "enabled": true,
          "contentType": "",
          "value": null,
          "isSecret": true
        },
        "Storage-key1": {
          "enabled": true,
          "contentType": "",
          "expires": "2025-02-08T12:45:17Z",
          "value": null,
          "isSecret": true
        },
        "storage-key2": {
          "enabled": true,
          "contentType": "",
          "expires": "2025-02-08T12:45:44Z",
          "value": null,
          "isSecret": true
        }
      },
      "id": "2",
      "type": "AzureKeyVault",
      "name": "xxxdevopskv",
      "isShared": false
    }
  ]
}