{
  "count": 5,
  "value": [
    {
      "id": 901,
      "rev": 2,
      "fields": {
        "System.AreaPath": "Kainos Landing Zones",
        "System.TeamProject": "Kainos Landing Zones",
        "System.IterationPath": "Kainos Landing Zones",
        "System.WorkItemType": "Bug",
        "System.State": "Resolved",
        "System.Reason": "Fixed",
        "System.CreatedDate": "2023-02-16T14:33:27.093Z",
        "System.CreatedBy": "Ashley Rutland <Ashley.rutland@kainos.com>",
        "System.ChangedDate": "2023-02-21T16:02:44.113Z",
        "System.ChangedBy": "Ashley Rutland <Ashley.rutland@kainos.com>",
        "System.Title": "Fixed names in NSG.tf",
        "Microsoft.VSTS.Scheduling.Effort": 0.0,
        "System.Description": null,
        "System.AssignedTo": null,
        "Microsoft.VSTS.Scheduling.RemainingWork": 0.0,
        "Microsoft.VSTS.Common.Priority": 2.0,
        "System.BoardLane": null,
        "System.Tags": null,
        "Microsoft.VSTS.TCM.Steps": null,
        "Microsoft.VSTS.TCM.Parameters": null,
        "Microsoft.VSTS.TCM.LocalDataSource": null,
        "Microsoft.VSTS.TCM.AutomationStatus": null,
        "System.History": null
      },
      "relations": [
        {
          "rel": "System.LinkTypes.Hierarchy-Reverse",
          "url": "https://dev.azure.com/Kainos-ALZ/_apis/wit/workItems/899",
          "attributes": {
            "isLocked": "false",
            "name": "Parent"
          }
        }
      ],
      "url": "https://dev.azure.com/Kainos-ALZ/_apis/wit/workItems/901"
    },
    {
      "id": 902,
      "rev": 2,
      "fields": {
        "System.AreaPath": "Kainos Landing Zones",
        "System.TeamProject": "Kainos Landing Zones",
        "System.IterationPath": "Kainos Landing Zones",
        "System.WorkItemType": "Bug",
        "System.State": "Resolved",
        "System.Reason": "Fixed",
        "System.CreatedDate": "2023-02-16T14:33:57.107Z",
        "System.CreatedBy": "Ashley Rutland <Ashley.rutland@kainos.com>",
        "System.ChangedDate": "2023-02-21T16:05:19.8Z",
        "System.ChangedBy": "Ashley Rutland <Ashley.rutland@kainos.com>",
        "System.Title": "Fixed Names  in Bastion (main.tf)",
        "Microsoft.VSTS.Scheduling.Effort": 0.0,
        "System.Description": null,
        "System.AssignedTo": null,
        "Microsoft.VSTS.Scheduling.RemainingWork": 0.0,
        "Microsoft.VSTS.Common.Priority": 2.0,
        "System.BoardLane": null,
        "System.Tags": null,
        "Microsoft.VSTS.TCM.Steps": null,
        "Microsoft.VSTS.TCM.Parameters": null,
        "Microsoft.VSTS.TCM.LocalDataSource": null,
        "Microsoft.VSTS.TCM.AutomationStatus": null,
        "System.History": null
      },
      "relations": [
        {
          "rel": "System.LinkTypes.Hierarchy-Reverse",
          "url": "https://dev.azure.com/Kainos-ALZ/_apis/wit/workItems/899",
          "attributes": {
            "isLocked": "false",
            "name": "Parent"
          }
        }
      ],
      "url": "https://dev.azure.com/Kainos-ALZ/_apis/wit/workItems/902"
    },
    {
      "id": 903,
      "rev": 2,
      "fields": {
        "System.AreaPath": "Kainos Landing Zones",
        "System.TeamProject": "Kainos Landing Zones",
        "System.IterationPath": "Kainos Landing Zones",
        "System.WorkItemType": "Bug",
        "System.State": "Closed",
        "System.Reason": "Fixed and verified",
        "System.CreatedDate": "2023-02-16T14:34:28.25Z",
        "System.CreatedBy": "Ashley Rutland <Ashley.rutland@kainos.com>",
        "System.ChangedDate": "2023-02-21T16:02:51.97Z",
        "System.ChangedBy": "Ashley Rutland <Ashley.rutland@kainos.com>",
        "System.Title": "Fixed Name in Sentinel (main.tf)",
        "Microsoft.VSTS.Scheduling.Effort": 0.0,
        "System.Description": null,
        "System.AssignedTo": null,
        "Microsoft.VSTS.Scheduling.RemainingWork": 0.0,
        "Microsoft.VSTS.Common.Priority": 2.0,
        "System.BoardLane": null,
        "System.Tags": null,
        "Microsoft.VSTS.TCM.Steps": null,
        "Microsoft.VSTS.TCM.Parameters": null,
        "Microsoft.VSTS.TCM.LocalDataSource": null,
        "Microsoft.VSTS.TCM.AutomationStatus": null,
        "System.History": null
      },
      "relations": [
        {
          "rel": "System.LinkTypes.Hierarchy-Reverse",
          "url": "https://dev.azure.com/Kainos-ALZ/_apis/wit/workItems/899",
          "attributes": {
            "isLocked": "false",
            "name": "Parent"
          }
        }
      ],
      "url": "https://dev.azure.com/Kainos-ALZ/_apis/wit/workItems/903"
    },
    {
      "id": 907,
      "rev": 2,
      "fields": {
        "System.AreaPath": "Kainos Landing Zones",
        "System.TeamProject": "Kainos Landing Zones",
        "System.IterationPath": "Kainos Landing Zones",
        "System.WorkItemType": "Bug",
        "System.State": "Resolved",
        "System.Reason": "Fixed",
        "System.CreatedDate": "2023-02-16T14:36:50.303Z",
        "System.CreatedBy": "Ashley Rutland <Ashley.rutland@kainos.com>",
        "System.ChangedDate": "2023-02-21T16:00:30.91Z",
        "System.ChangedBy": "Ashley Rutland <Ashley.rutland@kainos.com>",
        "System.Title": "Add Branch Policies to Template build",
        "Microsoft.VSTS.Scheduling.Effort": 0.0,
        "System.Description": null,
        "System.AssignedTo": null,
        "Microsoft.VSTS.Scheduling.RemainingWork": 0.0,
        "Microsoft.VSTS.Common.Priority": 2.0,
        "System.BoardLane": null,
        "System.Tags": null,
        "Microsoft.VSTS.TCM.Steps": null,
        "Microsoft.VSTS.TCM.Parameters": null,
        "Microsoft.VSTS.TCM.LocalDataSource": null,
        "Microsoft.VSTS.TCM.AutomationStatus": null,
        "System.History": null
      },
      "relations": [
        {
          "rel": "System.LinkTypes.Hierarchy-Reverse",
          "url": "https://dev.azure.com/Kainos-ALZ/_apis/wit/workItems/899",
          "attributes": {
            "isLocked": "false",
            "name": "Parent"
          }
        }
      ],
      "url": "https://dev.azure.com/Kainos-ALZ/_apis/wit/workItems/907"
    },
    {
      "id": 908,
      "rev": 3,
      "fields": {
        "System.AreaPath": "Kainos Landing Zones",
        "System.TeamProject": "Kainos Landing Zones",
        "System.IterationPath": "Kainos Landing Zones",
        "System.WorkItemType": "Bug",
        "System.State": "Resolved",
        "System.Reason": "Fixed",
        "System.CreatedDate": "2023-02-16T16:07:29.27Z",
        "System.CreatedBy": "ALZ Admin <Admin@5cg6vp.onmicrosoft.com>",
        "System.ChangedDate": "2023-02-24T11:51:05.793Z",
        "System.ChangedBy": "Ashley Rutland <Ashley.rutland@kainos.com>",
        "System.Title": "turn off MFA for Break Glass Account",
        "Microsoft.VSTS.Scheduling.Effort": 0.0,
        "System.Description": null,
        "System.AssignedTo": null,
        "Microsoft.VSTS.Scheduling.RemainingWork": 0.0,
        "Microsoft.VSTS.Common.Priority": 2.0,
        "System.BoardLane": null,
        "System.Tags": null,
        "Microsoft.VSTS.TCM.Steps": null,
        "Microsoft.VSTS.TCM.Parameters": null,
        "Microsoft.VSTS.TCM.LocalDataSource": null,
        "Microsoft.VSTS.TCM.AutomationStatus": null,
        "System.History": null
      },
      "relations": [
        {
          "rel": "System.LinkTypes.Hierarchy-Reverse",
          "url": "https://dev.azure.com/Kainos-ALZ/_apis/wit/workItems/899",
          "attributes": {
            "isLocked": "false",
            "name": "Parent"
          }
        }
      ],
      "url": "https://dev.azure.com/Kainos-ALZ/_apis/wit/workItems/908"
    }
  ],
  "HttpStatusCode": 0,
  "Message": null
}