{
  "count": 1,
  "value": [
    {
      "id": 2,
      "rev": 3,
      "fields": {
        "System.AreaPath": "Kainos Landing Zones",
        "System.TeamProject": "Kainos Landing Zones",
        "System.IterationPath": "Kainos Landing Zones",
        "System.WorkItemType": "Epic",
        "System.State": "New",
        "System.Reason": "New",
        "System.CreatedDate": "2023-02-06T09:46:30.797Z",
        "System.CreatedBy": "Philip Street <philip.street@kainos.com>",
        "System.ChangedDate": "2023-02-14T10:43:52.907Z",
        "System.ChangedBy": "Philip Street <philip.street@kainos.com>",
        "System.Title": "ALZ Accelerator",
        "Microsoft.VSTS.Scheduling.Effort": 0.0,
        "System.Description": null,
        "System.AssignedTo": null,
        "Microsoft.VSTS.Scheduling.RemainingWork": 0.0,
        "Microsoft.VSTS.Common.Priority": 2.0,
        "System.BoardLane": null,
        "System.Tags": null,
        "Microsoft.VSTS.TCM.Steps": null,
        "Microsoft.VSTS.TCM.Parameters": null,
        "Microsoft.VSTS.TCM.LocalDataSource": null,
        "Microsoft.VSTS.TCM.AutomationStatus": null,
        "System.History": null
      },
      "relations": [
        {
          "rel": "System.LinkTypes.Hierarchy-Forward",
          "url": "https://dev.azure.com/Kainos-ALZ/_apis/wit/workItems/4",
          "attributes": {
            "isLocked": "false",
            "name": "Child"
          }
        },
        {
          "rel": "System.LinkTypes.Hierarchy-Forward",
          "url": "https://dev.azure.com/Kainos-ALZ/_apis/wit/workItems/1141",
          "attributes": {
            "isLocked": "false",
            "name": "Child"
          }
        },
        {
          "rel": "System.LinkTypes.Hierarchy-Forward",
          "url": "https://dev.azure.com/Kainos-ALZ/_apis/wit/workItems/3",
          "attributes": {
            "isLocked": "false",
            "name": "Child"
          }
        },
        {
          "rel": "System.LinkTypes.Hierarchy-Forward",
          "url": "https://dev.azure.com/Kainos-ALZ/_apis/wit/workItems/24",
          "attributes": {
            "isLocked": "false",
            "name": "Child"
          }
        },
        {
          "rel": "System.LinkTypes.Hierarchy-Forward",
          "url": "https://dev.azure.com/Kainos-ALZ/_apis/wit/workItems/23",
          "attributes": {
            "isLocked": "false",
            "name": "Child"
          }
        },
        {
          "rel": "System.LinkTypes.Hierarchy-Forward",
          "url": "https://dev.azure.com/Kainos-ALZ/_apis/wit/workItems/37",
          "attributes": {
            "isLocked": "false",
            "name": "Child"
          }
        },
        {
          "rel": "System.LinkTypes.Hierarchy-Forward",
          "url": "https://dev.azure.com/Kainos-ALZ/_apis/wit/workItems/35",
          "attributes": {
            "isLocked": "false",
            "name": "Child"
          }
        }
      ],
      "url": "https://dev.azure.com/Kainos-ALZ/_apis/wit/workItems/2"
    }
  ],
  "HttpStatusCode": 0,
  "Message": null
}