{
  "count": 37,
  "value": [
    {
      "id": 6,
      "rev": 4,
      "fields": {
        "System.AreaPath": "Kainos Landing Zones",
        "System.TeamProject": "Kainos Landing Zones",
        "System.IterationPath": "$ProjectName$\\Sprint 2",
        "System.WorkItemType": "Task",
        "System.State": "Closed",
        "System.Reason": "Completed",
        "System.CreatedDate": "2023-02-07T10:05:53.043Z",
        "System.CreatedBy": "Philip Street <philip.street@kainos.com>",
        "System.ChangedDate": "2023-02-14T11:54:58.377Z",
        "System.ChangedBy": "Philip Street <philip.street@kainos.com>",
        "System.Title": "Assess MSFT ARM repo",
        "Microsoft.VSTS.Scheduling.Effort": 0.0,
        "System.Description": null,
        "System.AssignedTo": null,
        "Microsoft.VSTS.Scheduling.RemainingWork": 0.0,
        "Microsoft.VSTS.Common.Priority": 2.0,
        "System.BoardLane": null,
        "System.Tags": null,
        "Microsoft.VSTS.TCM.Steps": null,
        "Microsoft.VSTS.TCM.Parameters": null,
        "Microsoft.VSTS.TCM.LocalDataSource": null,
        "Microsoft.VSTS.TCM.AutomationStatus": null,
        "System.History": null
      },
      "relations": [
        {
          "rel": "System.LinkTypes.Hierarchy-Reverse",
          "url": "https://dev.azure.com/Kainos-ALZ/_apis/wit/workItems/5",
          "attributes": {
            "isLocked": "false",
            "name": "Parent"
          }
        }
      ],
      "url": "https://dev.azure.com/Kainos-ALZ/_apis/wit/workItems/6"
    },
    {
      "id": 7,
      "rev": 3,
      "fields": {
        "System.AreaPath": "Kainos Landing Zones",
        "System.TeamProject": "Kainos Landing Zones",
        "System.IterationPath": "$ProjectName$\\Sprint 2",
        "System.WorkItemType": "Task",
        "System.State": "Closed",
        "System.Reason": "Completed",
        "System.CreatedDate": "2023-02-07T10:06:21.433Z",
        "System.CreatedBy": "Philip Street <philip.street@kainos.com>",
        "System.ChangedDate": "2023-02-14T11:54:58.377Z",
        "System.ChangedBy": "Philip Street <philip.street@kainos.com>",
        "System.Title": "Assess MSFT Bicep repo",
        "Microsoft.VSTS.Scheduling.Effort": 0.0,
        "System.Description": null,
        "System.AssignedTo": null,
        "Microsoft.VSTS.Scheduling.RemainingWork": 0.0,
        "Microsoft.VSTS.Common.Priority": 2.0,
        "System.BoardLane": null,
        "System.Tags": null,
        "Microsoft.VSTS.TCM.Steps": null,
        "Microsoft.VSTS.TCM.Parameters": null,
        "Microsoft.VSTS.TCM.LocalDataSource": null,
        "Microsoft.VSTS.TCM.AutomationStatus": null,
        "System.History": null
      },
      "relations": [
        {
          "rel": "System.LinkTypes.Hierarchy-Reverse",
          "url": "https://dev.azure.com/Kainos-ALZ/_apis/wit/workItems/5",
          "attributes": {
            "isLocked": "false",
            "name": "Parent"
          }
        }
      ],
      "url": "https://dev.azure.com/Kainos-ALZ/_apis/wit/workItems/7"
    },
    {
      "id": 8,
      "rev": 3,
      "fields": {
        "System.AreaPath": "Kainos Landing Zones",
        "System.TeamProject": "Kainos Landing Zones",
        "System.IterationPath": "$ProjectName$\\Sprint 2",
        "System.WorkItemType": "Task",
        "System.State": "Closed",
        "System.Reason": "Completed",
        "System.CreatedDate": "2023-02-07T10:06:35.46Z",
        "System.CreatedBy": "Philip Street <philip.street@kainos.com>",
        "System.ChangedDate": "2023-02-14T11:54:58.377Z",
        "System.ChangedBy": "Philip Street <philip.street@kainos.com>",
        "System.Title": "Assess MSFT Terraform module",
        "Microsoft.VSTS.Scheduling.Effort": 0.0,
        "System.Description": null,
        "System.AssignedTo": null,
        "Microsoft.VSTS.Scheduling.RemainingWork": 0.0,
        "Microsoft.VSTS.Common.Priority": 2.0,
        "System.BoardLane": null,
        "System.Tags": null,
        "Microsoft.VSTS.TCM.Steps": null,
        "Microsoft.VSTS.TCM.Parameters": null,
        "Microsoft.VSTS.TCM.LocalDataSource": null,
        "Microsoft.VSTS.TCM.AutomationStatus": null,
        "System.History": null
      },
      "relations": [
        {
          "rel": "System.LinkTypes.Hierarchy-Reverse",
          "url": "https://dev.azure.com/Kainos-ALZ/_apis/wit/workItems/5",
          "attributes": {
            "isLocked": "false",
            "name": "Parent"
          }
        }
      ],
      "url": "https://dev.azure.com/Kainos-ALZ/_apis/wit/workItems/8"
    },
    {
      "id": 9,
      "rev": 3,
      "fields": {
        "System.AreaPath": "Kainos Landing Zones",
        "System.TeamProject": "Kainos Landing Zones",
        "System.IterationPath": "$ProjectName$\\Sprint 2",
        "System.WorkItemType": "Task",
        "System.State": "Closed",
        "System.Reason": "Completed",
        "System.CreatedDate": "2023-02-07T10:06:52.337Z",
        "System.CreatedBy": "Philip Street <philip.street@kainos.com>",
        "System.ChangedDate": "2023-02-14T11:54:58.377Z",
        "System.ChangedBy": "Philip Street <philip.street@kainos.com>",
        "System.Title": "Assess \"homegrown\" Terraform solution",
        "Microsoft.VSTS.Scheduling.Effort": 0.0,
        "System.Description": null,
        "System.AssignedTo": null,
        "Microsoft.VSTS.Scheduling.RemainingWork": 0.0,
        "Microsoft.VSTS.Common.Priority": 2.0,
        "System.BoardLane": null,
        "System.Tags": null,
        "Microsoft.VSTS.TCM.Steps": null,
        "Microsoft.VSTS.TCM.Parameters": null,
        "Microsoft.VSTS.TCM.LocalDataSource": null,
        "Microsoft.VSTS.TCM.AutomationStatus": null,
        "System.History": null
      },
      "relations": [
        {
          "rel": "System.LinkTypes.Hierarchy-Reverse",
          "url": "https://dev.azure.com/Kainos-ALZ/_apis/wit/workItems/5",
          "attributes": {
            "isLocked": "false",
            "name": "Parent"
          }
        }
      ],
      "url": "https://dev.azure.com/Kainos-ALZ/_apis/wit/workItems/9"
    },
    {
      "id": 10,
      "rev": 3,
      "fields": {
        "System.AreaPath": "Kainos Landing Zones",
        "System.TeamProject": "Kainos Landing Zones",
        "System.IterationPath": "$ProjectName$\\Sprint 2",
        "System.WorkItemType": "Task",
        "System.State": "Closed",
        "System.Reason": "Completed",
        "System.CreatedDate": "2023-02-07T10:07:06.203Z",
        "System.CreatedBy": "Philip Street <philip.street@kainos.com>",
        "System.ChangedDate": "2023-02-14T11:54:58.377Z",
        "System.ChangedBy": "Philip Street <philip.street@kainos.com>",
        "System.Title": "Assess \"homegrown\" Bicep solution",
        "Microsoft.VSTS.Scheduling.Effort": 0.0,
        "System.Description": null,
        "System.AssignedTo": null,
        "Microsoft.VSTS.Scheduling.RemainingWork": 0.0,
        "Microsoft.VSTS.Common.Priority": 2.0,
        "System.BoardLane": null,
        "System.Tags": null,
        "Microsoft.VSTS.TCM.Steps": null,
        "Microsoft.VSTS.TCM.Parameters": null,
        "Microsoft.VSTS.TCM.LocalDataSource": null,
        "Microsoft.VSTS.TCM.AutomationStatus": null,
        "System.History": null
      },
      "relations": [
        {
          "rel": "System.LinkTypes.Hierarchy-Reverse",
          "url": "https://dev.azure.com/Kainos-ALZ/_apis/wit/workItems/5",
          "attributes": {
            "isLocked": "false",
            "name": "Parent"
          }
        }
      ],
      "url": "https://dev.azure.com/Kainos-ALZ/_apis/wit/workItems/10"
    },
    {
      "id": 11,
      "rev": 3,
      "fields": {
        "System.AreaPath": "Kainos Landing Zones",
        "System.TeamProject": "Kainos Landing Zones",
        "System.IterationPath": "$ProjectName$\\Sprint 2",
        "System.WorkItemType": "Task",
        "System.State": "Closed",
        "System.Reason": "Completed",
        "System.CreatedDate": "2023-02-07T10:07:32.477Z",
        "System.CreatedBy": "Philip Street <philip.street@kainos.com>",
        "System.ChangedDate": "2023-02-14T11:54:58.377Z",
        "System.ChangedBy": "Philip Street <philip.street@kainos.com>",
        "System.Title": "Assess \"homegrown\" ARM solution",
        "Microsoft.VSTS.Scheduling.Effort": 0.0,
        "System.Description": null,
        "System.AssignedTo": null,
        "Microsoft.VSTS.Scheduling.RemainingWork": 0.0,
        "Microsoft.VSTS.Common.Priority": 2.0,
        "System.BoardLane": null,
        "System.Tags": null,
        "Microsoft.VSTS.TCM.Steps": null,
        "Microsoft.VSTS.TCM.Parameters": null,
        "Microsoft.VSTS.TCM.LocalDataSource": null,
        "Microsoft.VSTS.TCM.AutomationStatus": null,
        "System.History": null
      },
      "relations": [
        {
          "rel": "System.LinkTypes.Hierarchy-Reverse",
          "url": "https://dev.azure.com/Kainos-ALZ/_apis/wit/workItems/5",
          "attributes": {
            "isLocked": "false",
            "name": "Parent"
          }
        }
      ],
      "url": "https://dev.azure.com/Kainos-ALZ/_apis/wit/workItems/11"
    },
    {
      "id": 14,
      "rev": 3,
      "fields": {
        "System.AreaPath": "Kainos Landing Zones",
        "System.TeamProject": "Kainos Landing Zones",
        "System.IterationPath": "$ProjectName$\\Sprint 2",
        "System.WorkItemType": "Task",
        "System.State": "Closed",
        "System.Reason": "Completed",
        "System.CreatedDate": "2023-02-08T16:26:41.25Z",
        "System.CreatedBy": "Philip Street <philip.street@kainos.com>",
        "System.ChangedDate": "2023-02-14T11:59:44.87Z",
        "System.ChangedBy": "Philip Street <philip.street@kainos.com>",
        "System.Title": "ALZ Workshop guide",
        "Microsoft.VSTS.Scheduling.Effort": 0.0,
        "System.Description": null,
        "System.AssignedTo": null,
        "Microsoft.VSTS.Scheduling.RemainingWork": 0.0,
        "Microsoft.VSTS.Common.Priority": 2.0,
        "System.BoardLane": null,
        "System.Tags": null,
        "Microsoft.VSTS.TCM.Steps": null,
        "Microsoft.VSTS.TCM.Parameters": null,
        "Microsoft.VSTS.TCM.LocalDataSource": null,
        "Microsoft.VSTS.TCM.AutomationStatus": null,
        "System.History": null
      },
      "relations": [
        {
          "rel": "System.LinkTypes.Hierarchy-Reverse",
          "url": "https://dev.azure.com/Kainos-ALZ/_apis/wit/workItems/13",
          "attributes": {
            "isLocked": "false",
            "name": "Parent"
          }
        }
      ],
      "url": "https://dev.azure.com/Kainos-ALZ/_apis/wit/workItems/14"
    },
    {
      "id": 15,
      "rev": 2,
      "fields": {
        "System.AreaPath": "Kainos Landing Zones",
        "System.TeamProject": "Kainos Landing Zones",
        "System.IterationPath": "$ProjectName$\\Sprint 2",
        "System.WorkItemType": "Task",
        "System.State": "Closed",
        "System.Reason": "Completed",
        "System.CreatedDate": "2023-02-08T16:34:00.193Z",
        "System.CreatedBy": "Philip Street <philip.street@kainos.com>",
        "System.ChangedDate": "2023-02-14T11:59:13.047Z",
        "System.ChangedBy": "Philip Street <philip.street@kainos.com>",
        "System.Title": "Workshop slides - Azure Hierarchy",
        "Microsoft.VSTS.Scheduling.Effort": 0.0,
        "System.Description": null,
        "System.AssignedTo": null,
        "Microsoft.VSTS.Scheduling.RemainingWork": 0.0,
        "Microsoft.VSTS.Common.Priority": 2.0,
        "System.BoardLane": null,
        "System.Tags": null,
        "Microsoft.VSTS.TCM.Steps": null,
        "Microsoft.VSTS.TCM.Parameters": null,
        "Microsoft.VSTS.TCM.LocalDataSource": null,
        "Microsoft.VSTS.TCM.AutomationStatus": null,
        "System.History": null
      },
      "relations": [
        {
          "rel": "System.LinkTypes.Hierarchy-Reverse",
          "url": "https://dev.azure.com/Kainos-ALZ/_apis/wit/workItems/13",
          "attributes": {
            "isLocked": "false",
            "name": "Parent"
          }
        }
      ],
      "url": "https://dev.azure.com/Kainos-ALZ/_apis/wit/workItems/15"
    },
    {
      "id": 16,
      "rev": 2,
      "fields": {
        "System.AreaPath": "Kainos Landing Zones",
        "System.TeamProject": "Kainos Landing Zones",
        "System.IterationPath": "$ProjectName$\\Sprint 2",
        "System.WorkItemType": "Task",
        "System.State": "Closed",
        "System.Reason": "Completed",
        "System.CreatedDate": "2023-02-08T16:34:34.54Z",
        "System.CreatedBy": "Philip Street <philip.street@kainos.com>",
        "System.ChangedDate": "2023-02-14T11:59:15.24Z",
        "System.ChangedBy": "Philip Street <philip.street@kainos.com>",
        "System.Title": "Workshop Slides - Monitoring, Management & BCDR",
        "Microsoft.VSTS.Scheduling.Effort": 0.0,
        "System.Description": null,
        "System.AssignedTo": null,
        "Microsoft.VSTS.Scheduling.RemainingWork": 0.0,
        "Microsoft.VSTS.Common.Priority": 2.0,
        "System.BoardLane": null,
        "System.Tags": null,
        "Microsoft.VSTS.TCM.Steps": null,
        "Microsoft.VSTS.TCM.Parameters": null,
        "Microsoft.VSTS.TCM.LocalDataSource": null,
        "Microsoft.VSTS.TCM.AutomationStatus": null,
        "System.History": null
      },
      "relations": [
        {
          "rel": "System.LinkTypes.Hierarchy-Reverse",
          "url": "https://dev.azure.com/Kainos-ALZ/_apis/wit/workItems/13",
          "attributes": {
            "isLocked": "false",
            "name": "Parent"
          }
        }
      ],
      "url": "https://dev.azure.com/Kainos-ALZ/_apis/wit/workItems/16"
    },
    {
      "id": 17,
      "rev": 2,
      "fields": {
        "System.AreaPath": "Kainos Landing Zones",
        "System.TeamProject": "Kainos Landing Zones",
        "System.IterationPath": "$ProjectName$\\Sprint 2",
        "System.WorkItemType": "Task",
        "System.State": "Closed",
        "System.Reason": "Completed",
        "System.CreatedDate": "2023-02-08T16:34:57.857Z",
        "System.CreatedBy": "Philip Street <philip.street@kainos.com>",
        "System.ChangedDate": "2023-02-14T11:59:44.87Z",
        "System.ChangedBy": "Philip Street <philip.street@kainos.com>",
        "System.Title": "Workshop Slides - Networking",
        "Microsoft.VSTS.Scheduling.Effort": 0.0,
        "System.Description": null,
        "System.AssignedTo": null,
        "Microsoft.VSTS.Scheduling.RemainingWork": 0.0,
        "Microsoft.VSTS.Common.Priority": 2.0,
        "System.BoardLane": null,
        "System.Tags": null,
        "Microsoft.VSTS.TCM.Steps": null,
        "Microsoft.VSTS.TCM.Parameters": null,
        "Microsoft.VSTS.TCM.LocalDataSource": null,
        "Microsoft.VSTS.TCM.AutomationStatus": null,
        "System.History": null
      },
      "relations": [
        {
          "rel": "System.LinkTypes.Hierarchy-Reverse",
          "url": "https://dev.azure.com/Kainos-ALZ/_apis/wit/workItems/13",
          "attributes": {
            "isLocked": "false",
            "name": "Parent"
          }
        }
      ],
      "url": "https://dev.azure.com/Kainos-ALZ/_apis/wit/workItems/17"
    },
    {
      "id": 18,
      "rev": 2,
      "fields": {
        "System.AreaPath": "Kainos Landing Zones",
        "System.TeamProject": "Kainos Landing Zones",
        "System.IterationPath": "$ProjectName$\\Sprint 2",
        "System.WorkItemType": "Task",
        "System.State": "Closed",
        "System.Reason": "Completed",
        "System.CreatedDate": "2023-02-08T16:35:05.973Z",
        "System.CreatedBy": "Philip Street <philip.street@kainos.com>",
        "System.ChangedDate": "2023-02-14T11:59:44.87Z",
        "System.ChangedBy": "Philip Street <philip.street@kainos.com>",
        "System.Title": "Workshop Slides - Security",
        "Microsoft.VSTS.Scheduling.Effort": 0.0,
        "System.Description": null,
        "System.AssignedTo": null,
        "Microsoft.VSTS.Scheduling.RemainingWork": 0.0,
        "Microsoft.VSTS.Common.Priority": 2.0,
        "System.BoardLane": null,
        "System.Tags": null,
        "Microsoft.VSTS.TCM.Steps": null,
        "Microsoft.VSTS.TCM.Parameters": null,
        "Microsoft.VSTS.TCM.LocalDataSource": null,
        "Microsoft.VSTS.TCM.AutomationStatus": null,
        "System.History": null
      },
      "relations": [
        {
          "rel": "System.LinkTypes.Hierarchy-Reverse",
          "url": "https://dev.azure.com/Kainos-ALZ/_apis/wit/workItems/13",
          "attributes": {
            "isLocked": "false",
            "name": "Parent"
          }
        }
      ],
      "url": "https://dev.azure.com/Kainos-ALZ/_apis/wit/workItems/18"
    },
    {
      "id": 31,
      "rev": 2,
      "fields": {
        "System.AreaPath": "Kainos Landing Zones",
        "System.TeamProject": "Kainos Landing Zones",
        "System.IterationPath": "$ProjectName$\\Sprint 2",
        "System.WorkItemType": "Task",
        "System.State": "Closed",
        "System.Reason": "Completed",
        "System.CreatedDate": "2023-02-08T18:01:39.953Z",
        "System.CreatedBy": "Philip Street <philip.street@kainos.com>",
        "System.ChangedDate": "2023-02-14T11:59:52.55Z",
        "System.ChangedBy": "Philip Street <philip.street@kainos.com>",
        "System.Title": "Create Decision template",
        "Microsoft.VSTS.Scheduling.Effort": 0.0,
        "System.Description": null,
        "System.AssignedTo": null,
        "Microsoft.VSTS.Scheduling.RemainingWork": 0.0,
        "Microsoft.VSTS.Common.Priority": 2.0,
        "System.BoardLane": null,
        "System.Tags": null,
        "Microsoft.VSTS.TCM.Steps": null,
        "Microsoft.VSTS.TCM.Parameters": null,
        "Microsoft.VSTS.TCM.LocalDataSource": null,
        "Microsoft.VSTS.TCM.AutomationStatus": null,
        "System.History": null
      },
      "relations": [
        {
          "rel": "System.LinkTypes.Hierarchy-Reverse",
          "url": "https://dev.azure.com/Kainos-ALZ/_apis/wit/workItems/13",
          "attributes": {
            "isLocked": "false",
            "name": "Parent"
          }
        }
      ],
      "url": "https://dev.azure.com/Kainos-ALZ/_apis/wit/workItems/31"
    },
    {
      "id": 32,
      "rev": 8,
      "fields": {
        "System.AreaPath": "Kainos Landing Zones",
        "System.TeamProject": "Kainos Landing Zones",
        "System.IterationPath": "$ProjectName$\\Sprint 1",
        "System.WorkItemType": "Task",
        "System.State": "Closed",
        "System.Reason": "Completed",
        "System.CreatedDate": "2023-02-08T18:09:31.66Z",
        "System.CreatedBy": "Philip Street <philip.street@kainos.com>",
        "System.ChangedDate": "2023-03-07T13:39:49.913Z",
        "System.ChangedBy": "Philip Street <philip.street@kainos.com>",
        "System.Title": "Review default Azure Policy assignments by MSFT ALZ module",
        "Microsoft.VSTS.Scheduling.Effort": 0.0,
        "System.Description": "<div>Review the list of Azure Policy assignments included in the MSFT ALZ module, with a view to: </div><div><ul><li>including or excluding in KLZ </li><li>identify Policy Assignments (built-in or custom) to be added to KLZ </li> </ul> </div>",
        "System.AssignedTo": "Philip Street <philip.street@kainos.com>",
        "Microsoft.VSTS.Scheduling.RemainingWork": 0.0,
        "Microsoft.VSTS.Common.Priority": 2.0,
        "System.BoardLane": null,
        "System.Tags": null,
        "Microsoft.VSTS.TCM.Steps": null,
        "Microsoft.VSTS.TCM.Parameters": null,
        "Microsoft.VSTS.TCM.LocalDataSource": null,
        "Microsoft.VSTS.TCM.AutomationStatus": null,
        "System.History": null
      },
      "relations": [
        {
          "rel": "System.LinkTypes.Hierarchy-Reverse",
          "url": "https://dev.azure.com/Kainos-ALZ/_apis/wit/workItems/1161",
          "attributes": {
            "isLocked": "false",
            "name": "Parent"
          }
        }
      ],
      "url": "https://dev.azure.com/Kainos-ALZ/_apis/wit/workItems/32"
    },
    {
      "id": 34,
      "rev": 3,
      "fields": {
        "System.AreaPath": "Kainos Landing Zones",
        "System.TeamProject": "Kainos Landing Zones",
        "System.IterationPath": "$ProjectName$\\Sprint 2",
        "System.WorkItemType": "Task",
        "System.State": "Closed",
        "System.Reason": "Completed",
        "System.CreatedDate": "2023-02-08T18:15:37.313Z",
        "System.CreatedBy": "Philip Street <philip.street@kainos.com>",
        "System.ChangedDate": "2023-02-14T11:59:44.87Z",
        "System.ChangedBy": "Philip Street <philip.street@kainos.com>",
        "System.Title": "Workshop slides - Introduction",
        "Microsoft.VSTS.Scheduling.Effort": 0.0,
        "System.Description": null,
        "System.AssignedTo": null,
        "Microsoft.VSTS.Scheduling.RemainingWork": 0.0,
        "Microsoft.VSTS.Common.Priority": 2.0,
        "System.BoardLane": null,
        "System.Tags": null,
        "Microsoft.VSTS.TCM.Steps": null,
        "Microsoft.VSTS.TCM.Parameters": null,
        "Microsoft.VSTS.TCM.LocalDataSource": null,
        "Microsoft.VSTS.TCM.AutomationStatus": null,
        "System.History": null
      },
      "relations": [
        {
          "rel": "System.LinkTypes.Hierarchy-Reverse",
          "url": "https://dev.azure.com/Kainos-ALZ/_apis/wit/workItems/13",
          "attributes": {
            "isLocked": "false",
            "name": "Parent"
          }
        }
      ],
      "url": "https://dev.azure.com/Kainos-ALZ/_apis/wit/workItems/34"
    },
    {
      "id": 57,
      "rev": 13,
      "fields": {
        "System.AreaPath": "Kainos Landing Zones",
        "System.TeamProject": "Kainos Landing Zones",
        "System.IterationPath": "Kainos Landing Zones",
        "System.WorkItemType": "Task",
        "System.State": "New",
        "System.Reason": "New",
        "System.CreatedDate": "2023-02-14T11:57:11.063Z",
        "System.CreatedBy": "Philip Street <philip.street@kainos.com>",
        "System.ChangedDate": "2023-03-03T13:59:17.863Z",
        "System.ChangedBy": "Ashley Rutland <Ashley.rutland@kainos.com>",
        "System.Title": "Add MSFT/Kainos recommended Azure Policy assignments",
        "Microsoft.VSTS.Scheduling.Effort": 0.0,
        "System.Description": null,
        "System.AssignedTo": null,
        "Microsoft.VSTS.Scheduling.RemainingWork": 0.0,
        "Microsoft.VSTS.Common.Priority": 2.0,
        "System.BoardLane": null,
        "System.Tags": null,
        "Microsoft.VSTS.TCM.Steps": null,
        "Microsoft.VSTS.TCM.Parameters": null,
        "Microsoft.VSTS.TCM.LocalDataSource": null,
        "Microsoft.VSTS.TCM.AutomationStatus": null,
        "System.History": null
      },
      "relations": [
        {
          "rel": "System.LinkTypes.Hierarchy-Reverse",
          "url": "https://dev.azure.com/Kainos-ALZ/_apis/wit/workItems/1161",
          "attributes": {
            "isLocked": "false",
            "name": "Parent"
          }
        }
      ],
      "url": "https://dev.azure.com/Kainos-ALZ/_apis/wit/workItems/57"
    },
    {
      "id": 117,
      "rev": 8,
      "fields": {
        "System.AreaPath": "Kainos Landing Zones",
        "System.TeamProject": "Kainos Landing Zones",
        "System.IterationPath": "Kainos Landing Zones",
        "System.WorkItemType": "Task",
        "System.State": "New",
        "System.Reason": "New",
        "System.CreatedDate": "2023-02-14T15:41:43.443Z",
        "System.CreatedBy": "Philip Street <philip.street@kainos.com>",
        "System.ChangedDate": "2023-03-03T14:00:23.927Z",
        "System.ChangedBy": "Ashley Rutland <Ashley.rutland@kainos.com>",
        "System.Title": "Assign \"Deny the creation of private DNS\" policy to \"Landing Zones\" Management Group",
        "Microsoft.VSTS.Scheduling.Effort": 0.0,
        "System.Description": "<div>AS A Security Architect </div><div><br> </div><div>I WANT TO assign &quot;Deny the creation of private DNS&quot; policy&nbsp; (<a href=\"https://www.azadvertizer.net/azpolicyadvertizer/Deny-Private-DNS-Zones.html\">Deny the creation of private DNS (azadvertizer.net)</a>) to &quot;Landing Zones&quot; Management Group </div><div><br> </div><div>SO THAT all Private DNS Zones are created in the &quot;Connectivity&quot; subscription </div>",
        "System.AssignedTo": null,
        "Microsoft.VSTS.Scheduling.RemainingWork": 0.0,
        "Microsoft.VSTS.Common.Priority": 2.0,
        "System.BoardLane": null,
        "System.Tags": null,
        "Microsoft.VSTS.TCM.Steps": null,
        "Microsoft.VSTS.TCM.Parameters": null,
        "Microsoft.VSTS.TCM.LocalDataSource": null,
        "Microsoft.VSTS.TCM.AutomationStatus": null,
        "System.History": null
      },
      "relations": [
        {
          "rel": "System.LinkTypes.Hierarchy-Reverse",
          "url": "https://dev.azure.com/Kainos-ALZ/_apis/wit/workItems/1161",
          "attributes": {
            "isLocked": "false",
            "name": "Parent"
          }
        }
      ],
      "url": "https://dev.azure.com/Kainos-ALZ/_apis/wit/workItems/117"
    },
    {
      "id": 211,
      "rev": 5,
      "fields": {
        "System.AreaPath": "Kainos Landing Zones",
        "System.TeamProject": "Kainos Landing Zones",
        "System.IterationPath": "$ProjectName$\\Sprint 2",
        "System.WorkItemType": "Task",
        "System.State": "New",
        "System.Reason": "Reactivated",
        "System.CreatedDate": "2023-02-14T18:43:59.367Z",
        "System.CreatedBy": "Ashley Rutland <Ashley.rutland@kainos.com>",
        "System.ChangedDate": "2023-03-06T09:02:02.773Z",
        "System.ChangedBy": "Ashley Rutland <Ashley.rutland@kainos.com>",
        "System.Title": "Add AAD Connector",
        "Microsoft.VSTS.Scheduling.Effort": 0.0,
        "System.Description": null,
        "System.AssignedTo": null,
        "Microsoft.VSTS.Scheduling.RemainingWork": 0.0,
        "Microsoft.VSTS.Common.Priority": 2.0,
        "System.BoardLane": null,
        "System.Tags": null,
        "Microsoft.VSTS.TCM.Steps": null,
        "Microsoft.VSTS.TCM.Parameters": null,
        "Microsoft.VSTS.TCM.LocalDataSource": null,
        "Microsoft.VSTS.TCM.AutomationStatus": null,
        "System.History": null
      },
      "relations": [
        {
          "rel": "System.LinkTypes.Hierarchy-Reverse",
          "url": "https://dev.azure.com/Kainos-ALZ/_apis/wit/workItems/41",
          "attributes": {
            "isLocked": "false",
            "name": "Parent"
          }
        }
      ],
      "url": "https://dev.azure.com/Kainos-ALZ/_apis/wit/workItems/211"
    },
    {
      "id": 212,
      "rev": 1,
      "fields": {
        "System.AreaPath": "Kainos Landing Zones",
        "System.TeamProject": "Kainos Landing Zones",
        "System.IterationPath": "$ProjectName$\\Sprint 2",
        "System.WorkItemType": "Task",
        "System.State": "New",
        "System.Reason": "New",
        "System.CreatedDate": "2023-02-14T18:44:44.43Z",
        "System.CreatedBy": "Ashley Rutland <Ashley.rutland@kainos.com>",
        "System.ChangedDate": "2023-02-14T18:44:44.43Z",
        "System.ChangedBy": "Ashley Rutland <Ashley.rutland@kainos.com>",
        "System.Title": "Add Firewall Connector",
        "Microsoft.VSTS.Scheduling.Effort": 0.0,
        "System.Description": null,
        "System.AssignedTo": null,
        "Microsoft.VSTS.Scheduling.RemainingWork": 0.0,
        "Microsoft.VSTS.Common.Priority": 2.0,
        "System.BoardLane": null,
        "System.Tags": null,
        "Microsoft.VSTS.TCM.Steps": null,
        "Microsoft.VSTS.TCM.Parameters": null,
        "Microsoft.VSTS.TCM.LocalDataSource": null,
        "Microsoft.VSTS.TCM.AutomationStatus": null,
        "System.History": null
      },
      "relations": [
        {
          "rel": "System.LinkTypes.Hierarchy-Reverse",
          "url": "https://dev.azure.com/Kainos-ALZ/_apis/wit/workItems/41",
          "attributes": {
            "isLocked": "false",
            "name": "Parent"
          }
        }
      ],
      "url": "https://dev.azure.com/Kainos-ALZ/_apis/wit/workItems/212"
    },
    {
      "id": 213,
      "rev": 1,
      "fields": {
        "System.AreaPath": "Kainos Landing Zones",
        "System.TeamProject": "Kainos Landing Zones",
        "System.IterationPath": "$ProjectName$\\Sprint 2",
        "System.WorkItemType": "Task",
        "System.State": "New",
        "System.Reason": "New",
        "System.CreatedDate": "2023-02-14T18:45:13.06Z",
        "System.CreatedBy": "Ashley Rutland <Ashley.rutland@kainos.com>",
        "System.ChangedDate": "2023-02-14T18:45:13.06Z",
        "System.ChangedBy": "Ashley Rutland <Ashley.rutland@kainos.com>",
        "System.Title": "Add Defender for Cloud Connector",
        "Microsoft.VSTS.Scheduling.Effort": 0.0,
        "System.Description": null,
        "System.AssignedTo": null,
        "Microsoft.VSTS.Scheduling.RemainingWork": 0.0,
        "Microsoft.VSTS.Common.Priority": 2.0,
        "System.BoardLane": null,
        "System.Tags": null,
        "Microsoft.VSTS.TCM.Steps": null,
        "Microsoft.VSTS.TCM.Parameters": null,
        "Microsoft.VSTS.TCM.LocalDataSource": null,
        "Microsoft.VSTS.TCM.AutomationStatus": null,
        "System.History": null
      },
      "relations": [
        {
          "rel": "System.LinkTypes.Hierarchy-Reverse",
          "url": "https://dev.azure.com/Kainos-ALZ/_apis/wit/workItems/41",
          "attributes": {
            "isLocked": "false",
            "name": "Parent"
          }
        }
      ],
      "url": "https://dev.azure.com/Kainos-ALZ/_apis/wit/workItems/213"
    },
    {
      "id": 214,
      "rev": 1,
      "fields": {
        "System.AreaPath": "Kainos Landing Zones",
        "System.TeamProject": "Kainos Landing Zones",
        "System.IterationPath": "$ProjectName$\\Sprint 2",
        "System.WorkItemType": "Task",
        "System.State": "New",
        "System.Reason": "New",
        "System.CreatedDate": "2023-02-14T18:45:37.533Z",
        "System.CreatedBy": "Ashley Rutland <Ashley.rutland@kainos.com>",
        "System.ChangedDate": "2023-02-14T18:45:37.533Z",
        "System.ChangedBy": "Ashley Rutland <Ashley.rutland@kainos.com>",
        "System.Title": "Add DDoS Connector",
        "Microsoft.VSTS.Scheduling.Effort": 0.0,
        "System.Description": null,
        "System.AssignedTo": null,
        "Microsoft.VSTS.Scheduling.RemainingWork": 0.0,
        "Microsoft.VSTS.Common.Priority": 2.0,
        "System.BoardLane": null,
        "System.Tags": null,
        "Microsoft.VSTS.TCM.Steps": null,
        "Microsoft.VSTS.TCM.Parameters": null,
        "Microsoft.VSTS.TCM.LocalDataSource": null,
        "Microsoft.VSTS.TCM.AutomationStatus": null,
        "System.History": null
      },
      "relations": [
        {
          "rel": "System.LinkTypes.Hierarchy-Reverse",
          "url": "https://dev.azure.com/Kainos-ALZ/_apis/wit/workItems/41",
          "attributes": {
            "isLocked": "false",
            "name": "Parent"
          }
        }
      ],
      "url": "https://dev.azure.com/Kainos-ALZ/_apis/wit/workItems/214"
    },
    {
      "id": 215,
      "rev": 1,
      "fields": {
        "System.AreaPath": "Kainos Landing Zones",
        "System.TeamProject": "Kainos Landing Zones",
        "System.IterationPath": "$ProjectName$\\Sprint 2",
        "System.WorkItemType": "Task",
        "System.State": "New",
        "System.Reason": "New",
        "System.CreatedDate": "2023-02-14T18:46:26.87Z",
        "System.CreatedBy": "Ashley Rutland <Ashley.rutland@kainos.com>",
        "System.ChangedDate": "2023-02-14T18:46:26.87Z",
        "System.ChangedBy": "Ashley Rutland <Ashley.rutland@kainos.com>",
        "System.Title": "Add Network Watcher Connector",
        "Microsoft.VSTS.Scheduling.Effort": 0.0,
        "System.Description": null,
        "System.AssignedTo": null,
        "Microsoft.VSTS.Scheduling.RemainingWork": 0.0,
        "Microsoft.VSTS.Common.Priority": 2.0,
        "System.BoardLane": null,
        "System.Tags": null,
        "Microsoft.VSTS.TCM.Steps": null,
        "Microsoft.VSTS.TCM.Parameters": null,
        "Microsoft.VSTS.TCM.LocalDataSource": null,
        "Microsoft.VSTS.TCM.AutomationStatus": null,
        "System.History": null
      },
      "relations": [
        {
          "rel": "System.LinkTypes.Hierarchy-Reverse",
          "url": "https://dev.azure.com/Kainos-ALZ/_apis/wit/workItems/41",
          "attributes": {
            "isLocked": "false",
            "name": "Parent"
          }
        }
      ],
      "url": "https://dev.azure.com/Kainos-ALZ/_apis/wit/workItems/215"
    },
    {
      "id": 761,
      "rev": 4,
      "fields": {
        "System.AreaPath": "Kainos Landing Zones",
        "System.TeamProject": "Kainos Landing Zones",
        "System.IterationPath": "Kainos Landing Zones",
        "System.WorkItemType": "Task",
        "System.State": "Closed",
        "System.Reason": "Completed",
        "System.CreatedDate": "2023-02-16T08:45:00.46Z",
        "System.CreatedBy": "Ashley Rutland <Ashley.rutland@kainos.com>",
        "System.ChangedDate": "2023-02-20T10:37:52.073Z",
        "System.ChangedBy": "ALZ Admin <Admin@5cg6vp.onmicrosoft.com>",
        "System.Title": "Test Deployment Documentation",
        "Microsoft.VSTS.Scheduling.Effort": 0.0,
        "System.Description": null,
        "System.AssignedTo": "Daniel Rainbow <daniel.rainbow@kainos.com>",
        "Microsoft.VSTS.Scheduling.RemainingWork": 0.0,
        "Microsoft.VSTS.Common.Priority": 2.0,
        "System.BoardLane": null,
        "System.Tags": null,
        "Microsoft.VSTS.TCM.Steps": null,
        "Microsoft.VSTS.TCM.Parameters": null,
        "Microsoft.VSTS.TCM.LocalDataSource": null,
        "Microsoft.VSTS.TCM.AutomationStatus": null,
        "System.History": null
      },
      "relations": [
        {
          "rel": "System.LinkTypes.Hierarchy-Reverse",
          "url": "https://dev.azure.com/Kainos-ALZ/_apis/wit/workItems/760",
          "attributes": {
            "isLocked": "false",
            "name": "Parent"
          }
        }
      ],
      "url": "https://dev.azure.com/Kainos-ALZ/_apis/wit/workItems/761"
    },
    {
      "id": 762,
      "rev": 3,
      "fields": {
        "System.AreaPath": "Kainos Landing Zones",
        "System.TeamProject": "Kainos Landing Zones",
        "System.IterationPath": "Kainos Landing Zones",
        "System.WorkItemType": "Task",
        "System.State": "Closed",
        "System.Reason": "Completed",
        "System.CreatedDate": "2023-02-16T08:45:34.43Z",
        "System.CreatedBy": "Ashley Rutland <Ashley.rutland@kainos.com>",
        "System.ChangedDate": "2023-02-20T10:37:51.237Z",
        "System.ChangedBy": "ALZ Admin <Admin@5cg6vp.onmicrosoft.com>",
        "System.Title": "Test Deployment Process",
        "Microsoft.VSTS.Scheduling.Effort": 0.0,
        "System.Description": null,
        "System.AssignedTo": "Ashley Rutland <Ashley.rutland@kainos.com>",
        "Microsoft.VSTS.Scheduling.RemainingWork": 0.0,
        "Microsoft.VSTS.Common.Priority": 2.0,
        "System.BoardLane": null,
        "System.Tags": null,
        "Microsoft.VSTS.TCM.Steps": null,
        "Microsoft.VSTS.TCM.Parameters": null,
        "Microsoft.VSTS.TCM.LocalDataSource": null,
        "Microsoft.VSTS.TCM.AutomationStatus": null,
        "System.History": null
      },
      "relations": [
        {
          "rel": "System.LinkTypes.Hierarchy-Reverse",
          "url": "https://dev.azure.com/Kainos-ALZ/_apis/wit/workItems/760",
          "attributes": {
            "isLocked": "false",
            "name": "Parent"
          }
        }
      ],
      "url": "https://dev.azure.com/Kainos-ALZ/_apis/wit/workItems/762"
    },
    {
      "id": 904,
      "rev": 3,
      "fields": {
        "System.AreaPath": "Kainos Landing Zones",
        "System.TeamProject": "Kainos Landing Zones",
        "System.IterationPath": "Kainos Landing Zones",
        "System.WorkItemType": "Task",
        "System.State": "Closed",
        "System.Reason": "Completed",
        "System.CreatedDate": "2023-02-16T14:35:11.223Z",
        "System.CreatedBy": "Ashley Rutland <Ashley.rutland@kainos.com>",
        "System.ChangedDate": "2023-02-21T15:07:00.02Z",
        "System.ChangedBy": "Ashley Rutland <Ashley.rutland@kainos.com>",
        "System.Title": "Create Documentation on Service Connection creation",
        "Microsoft.VSTS.Scheduling.Effort": 0.0,
        "System.Description": null,
        "System.AssignedTo": "Ashley Rutland <Ashley.rutland@kainos.com>",
        "Microsoft.VSTS.Scheduling.RemainingWork": 0.0,
        "Microsoft.VSTS.Common.Priority": 2.0,
        "System.BoardLane": null,
        "System.Tags": null,
        "Microsoft.VSTS.TCM.Steps": null,
        "Microsoft.VSTS.TCM.Parameters": null,
        "Microsoft.VSTS.TCM.LocalDataSource": null,
        "Microsoft.VSTS.TCM.AutomationStatus": null,
        "System.History": null
      },
      "relations": [
        {
          "rel": "System.LinkTypes.Hierarchy-Reverse",
          "url": "https://dev.azure.com/Kainos-ALZ/_apis/wit/workItems/899",
          "attributes": {
            "isLocked": "false",
            "name": "Parent"
          }
        }
      ],
      "url": "https://dev.azure.com/Kainos-ALZ/_apis/wit/workItems/904"
    },
    {
      "id": 905,
      "rev": 2,
      "fields": {
        "System.AreaPath": "Kainos Landing Zones",
        "System.TeamProject": "Kainos Landing Zones",
        "System.IterationPath": "Kainos Landing Zones",
        "System.WorkItemType": "Task",
        "System.State": "Closed",
        "System.Reason": "Completed",
        "System.CreatedDate": "2023-02-16T14:35:45.133Z",
        "System.CreatedBy": "Ashley Rutland <Ashley.rutland@kainos.com>",
        "System.ChangedDate": "2023-02-21T15:07:02.133Z",
        "System.ChangedBy": "Ashley Rutland <Ashley.rutland@kainos.com>",
        "System.Title": "Update Deployment Documentation ",
        "Microsoft.VSTS.Scheduling.Effort": 0.0,
        "System.Description": null,
        "System.AssignedTo": "Ashley Rutland <Ashley.rutland@kainos.com>",
        "Microsoft.VSTS.Scheduling.RemainingWork": 0.0,
        "Microsoft.VSTS.Common.Priority": 2.0,
        "System.BoardLane": null,
        "System.Tags": null,
        "Microsoft.VSTS.TCM.Steps": null,
        "Microsoft.VSTS.TCM.Parameters": null,
        "Microsoft.VSTS.TCM.LocalDataSource": null,
        "Microsoft.VSTS.TCM.AutomationStatus": null,
        "System.History": null
      },
      "relations": [
        {
          "rel": "System.LinkTypes.Hierarchy-Reverse",
          "url": "https://dev.azure.com/Kainos-ALZ/_apis/wit/workItems/899",
          "attributes": {
            "isLocked": "false",
            "name": "Parent"
          }
        }
      ],
      "url": "https://dev.azure.com/Kainos-ALZ/_apis/wit/workItems/905"
    },
    {
      "id": 906,
      "rev": 2,
      "fields": {
        "System.AreaPath": "Kainos Landing Zones",
        "System.TeamProject": "Kainos Landing Zones",
        "System.IterationPath": "Kainos Landing Zones",
        "System.WorkItemType": "Task",
        "System.State": "Closed",
        "System.Reason": "Completed",
        "System.CreatedDate": "2023-02-16T14:36:15.683Z",
        "System.CreatedBy": "Ashley Rutland <Ashley.rutland@kainos.com>",
        "System.ChangedDate": "2023-02-21T15:07:06.783Z",
        "System.ChangedBy": "Ashley Rutland <Ashley.rutland@kainos.com>",
        "System.Title": "Review Permissions needed by Engineer",
        "Microsoft.VSTS.Scheduling.Effort": 0.0,
        "System.Description": null,
        "System.AssignedTo": null,
        "Microsoft.VSTS.Scheduling.RemainingWork": 0.0,
        "Microsoft.VSTS.Common.Priority": 2.0,
        "System.BoardLane": null,
        "System.Tags": null,
        "Microsoft.VSTS.TCM.Steps": null,
        "Microsoft.VSTS.TCM.Parameters": null,
        "Microsoft.VSTS.TCM.LocalDataSource": null,
        "Microsoft.VSTS.TCM.AutomationStatus": null,
        "System.History": null
      },
      "relations": [
        {
          "rel": "System.LinkTypes.Hierarchy-Reverse",
          "url": "https://dev.azure.com/Kainos-ALZ/_apis/wit/workItems/899",
          "attributes": {
            "isLocked": "false",
            "name": "Parent"
          }
        }
      ],
      "url": "https://dev.azure.com/Kainos-ALZ/_apis/wit/workItems/906"
    },
    {
      "id": 1150,
      "rev": 2,
      "fields": {
        "System.AreaPath": "Kainos Landing Zones",
        "System.TeamProject": "Kainos Landing Zones",
        "System.IterationPath": "$ProjectName$\\Sprint 4",
        "System.WorkItemType": "Task",
        "System.State": "Closed",
        "System.Reason": "Completed",
        "System.CreatedDate": "2023-03-01T09:38:36.473Z",
        "System.CreatedBy": "Ashley Rutland <Ashley.rutland@kainos.com>",
        "System.ChangedDate": "2023-03-01T09:38:47.463Z",
        "System.ChangedBy": "Ashley Rutland <Ashley.rutland@kainos.com>",
        "System.Title": "Test Basition Deployment",
        "Microsoft.VSTS.Scheduling.Effort": 0.0,
        "System.Description": null,
        "System.AssignedTo": "Daniel Rainbow <daniel.rainbow@kainos.com>",
        "Microsoft.VSTS.Scheduling.RemainingWork": 0.0,
        "Microsoft.VSTS.Common.Priority": 2.0,
        "System.BoardLane": null,
        "System.Tags": null,
        "Microsoft.VSTS.TCM.Steps": null,
        "Microsoft.VSTS.TCM.Parameters": null,
        "Microsoft.VSTS.TCM.LocalDataSource": null,
        "Microsoft.VSTS.TCM.AutomationStatus": null,
        "System.History": null
      },
      "relations": [
        {
          "rel": "System.LinkTypes.Hierarchy-Reverse",
          "url": "https://dev.azure.com/Kainos-ALZ/_apis/wit/workItems/1146",
          "attributes": {
            "isLocked": "false",
            "name": "Parent"
          }
        }
      ],
      "url": "https://dev.azure.com/Kainos-ALZ/_apis/wit/workItems/1150"
    },
    {
      "id": 1153,
      "rev": 2,
      "fields": {
        "System.AreaPath": "Kainos Landing Zones",
        "System.TeamProject": "Kainos Landing Zones",
        "System.IterationPath": "$ProjectName$\\Sprint 4",
        "System.WorkItemType": "Task",
        "System.State": "Closed",
        "System.Reason": "Completed",
        "System.CreatedDate": "2023-03-03T13:46:21.957Z",
        "System.CreatedBy": "Ashley Rutland <Ashley.rutland@kainos.com>",
        "System.ChangedDate": "2023-03-03T13:52:13.02Z",
        "System.ChangedBy": "Ashley Rutland <Ashley.rutland@kainos.com>",
        "System.Title": "Vnet",
        "Microsoft.VSTS.Scheduling.Effort": 0.0,
        "System.Description": null,
        "System.AssignedTo": "Daniel Rainbow <daniel.rainbow@kainos.com>",
        "Microsoft.VSTS.Scheduling.RemainingWork": 0.0,
        "Microsoft.VSTS.Common.Priority": 2.0,
        "System.BoardLane": null,
        "System.Tags": null,
        "Microsoft.VSTS.TCM.Steps": null,
        "Microsoft.VSTS.TCM.Parameters": null,
        "Microsoft.VSTS.TCM.LocalDataSource": null,
        "Microsoft.VSTS.TCM.AutomationStatus": null,
        "System.History": null
      },
      "relations": [
        {
          "rel": "Microsoft.VSTS.Common.Affects-Forward",
          "url": "https://dev.azure.com/Kainos-ALZ/_apis/wit/workItems/58",
          "attributes": {
            "isLocked": "false",
            "name": "Affects"
          }
        },
        {
          "rel": "System.LinkTypes.Hierarchy-Reverse",
          "url": "https://dev.azure.com/Kainos-ALZ/_apis/wit/workItems/58",
          "attributes": {
            "isLocked": "false",
            "name": "Parent"
          }
        }
      ],
      "url": "https://dev.azure.com/Kainos-ALZ/_apis/wit/workItems/1153"
    },
    {
      "id": 1154,
      "rev": 2,
      "fields": {
        "System.AreaPath": "Kainos Landing Zones",
        "System.TeamProject": "Kainos Landing Zones",
        "System.IterationPath": "$ProjectName$\\Sprint 4",
        "System.WorkItemType": "Task",
        "System.State": "Closed",
        "System.Reason": "Completed",
        "System.CreatedDate": "2023-03-03T13:46:40.467Z",
        "System.CreatedBy": "Ashley Rutland <Ashley.rutland@kainos.com>",
        "System.ChangedDate": "2023-03-03T13:51:57.787Z",
        "System.ChangedBy": "Ashley Rutland <Ashley.rutland@kainos.com>",
        "System.Title": "Resource Group",
        "Microsoft.VSTS.Scheduling.Effort": 0.0,
        "System.Description": null,
        "System.AssignedTo": "Daniel Rainbow <daniel.rainbow@kainos.com>",
        "Microsoft.VSTS.Scheduling.RemainingWork": 0.0,
        "Microsoft.VSTS.Common.Priority": 2.0,
        "System.BoardLane": null,
        "System.Tags": null,
        "Microsoft.VSTS.TCM.Steps": null,
        "Microsoft.VSTS.TCM.Parameters": null,
        "Microsoft.VSTS.TCM.LocalDataSource": null,
        "Microsoft.VSTS.TCM.AutomationStatus": null,
        "System.History": null
      },
      "relations": [
        {
          "rel": "Microsoft.VSTS.Common.Affects-Forward",
          "url": "https://dev.azure.com/Kainos-ALZ/_apis/wit/workItems/58",
          "attributes": {
            "isLocked": "false",
            "name": "Affects"
          }
        },
        {
          "rel": "System.LinkTypes.Hierarchy-Reverse",
          "url": "https://dev.azure.com/Kainos-ALZ/_apis/wit/workItems/58",
          "attributes": {
            "isLocked": "false",
            "name": "Parent"
          }
        }
      ],
      "url": "https://dev.azure.com/Kainos-ALZ/_apis/wit/workItems/1154"
    },
    {
      "id": 1155,
      "rev": 2,
      "fields": {
        "System.AreaPath": "Kainos Landing Zones",
        "System.TeamProject": "Kainos Landing Zones",
        "System.IterationPath": "$ProjectName$\\Sprint 4",
        "System.WorkItemType": "Task",
        "System.State": "Closed",
        "System.Reason": "Completed",
        "System.CreatedDate": "2023-03-03T13:46:52.62Z",
        "System.CreatedBy": "Ashley Rutland <Ashley.rutland@kainos.com>",
        "System.ChangedDate": "2023-03-03T13:51:39.3Z",
        "System.ChangedBy": "Ashley Rutland <Ashley.rutland@kainos.com>",
        "System.Title": "Key Vault",
        "Microsoft.VSTS.Scheduling.Effort": 0.0,
        "System.Description": null,
        "System.AssignedTo": "Daniel Rainbow <daniel.rainbow@kainos.com>",
        "Microsoft.VSTS.Scheduling.RemainingWork": 0.0,
        "Microsoft.VSTS.Common.Priority": 2.0,
        "System.BoardLane": null,
        "System.Tags": null,
        "Microsoft.VSTS.TCM.Steps": null,
        "Microsoft.VSTS.TCM.Parameters": null,
        "Microsoft.VSTS.TCM.LocalDataSource": null,
        "Microsoft.VSTS.TCM.AutomationStatus": null,
        "System.History": null
      },
      "relations": [
        {
          "rel": "System.LinkTypes.Hierarchy-Reverse",
          "url": "https://dev.azure.com/Kainos-ALZ/_apis/wit/workItems/58",
          "attributes": {
            "isLocked": "false",
            "name": "Parent"
          }
        },
        {
          "rel": "Microsoft.VSTS.Common.Affects-Forward",
          "url": "https://dev.azure.com/Kainos-ALZ/_apis/wit/workItems/58",
          "attributes": {
            "isLocked": "false",
            "name": "Affects"
          }
        }
      ],
      "url": "https://dev.azure.com/Kainos-ALZ/_apis/wit/workItems/1155"
    },
    {
      "id": 1156,
      "rev": 4,
      "fields": {
        "System.AreaPath": "Kainos Landing Zones",
        "System.TeamProject": "Kainos Landing Zones",
        "System.IterationPath": "$ProjectName$\\Sprint 4",
        "System.WorkItemType": "Task",
        "System.State": "Closed",
        "System.Reason": "Completed",
        "System.CreatedDate": "2023-03-03T13:47:13.733Z",
        "System.CreatedBy": "Ashley Rutland <Ashley.rutland@kainos.com>",
        "System.ChangedDate": "2023-03-07T16:16:28.697Z",
        "System.ChangedBy": "Ashley Rutland <Ashley.rutland@kainos.com>",
        "System.Title": "Network Security Groups",
        "Microsoft.VSTS.Scheduling.Effort": 0.0,
        "System.Description": null,
        "System.AssignedTo": "Ashley Rutland <Ashley.rutland@kainos.com>",
        "Microsoft.VSTS.Scheduling.RemainingWork": 0.0,
        "Microsoft.VSTS.Common.Priority": 2.0,
        "System.BoardLane": null,
        "System.Tags": null,
        "Microsoft.VSTS.TCM.Steps": null,
        "Microsoft.VSTS.TCM.Parameters": null,
        "Microsoft.VSTS.TCM.LocalDataSource": null,
        "Microsoft.VSTS.TCM.AutomationStatus": null,
        "System.History": null
      },
      "relations": [
        {
          "rel": "System.LinkTypes.Hierarchy-Reverse",
          "url": "https://dev.azure.com/Kainos-ALZ/_apis/wit/workItems/58",
          "attributes": {
            "isLocked": "false",
            "name": "Parent"
          }
        },
        {
          "rel": "Microsoft.VSTS.Common.Affects-Forward",
          "url": "https://dev.azure.com/Kainos-ALZ/_apis/wit/workItems/58",
          "attributes": {
            "isLocked": "false",
            "name": "Affects"
          }
        }
      ],
      "url": "https://dev.azure.com/Kainos-ALZ/_apis/wit/workItems/1156"
    },
    {
      "id": 1157,
      "rev": 5,
      "fields": {
        "System.AreaPath": "Kainos Landing Zones",
        "System.TeamProject": "Kainos Landing Zones",
        "System.IterationPath": "$ProjectName$\\Sprint 4",
        "System.WorkItemType": "Task",
        "System.State": "Closed",
        "System.Reason": "Completed",
        "System.CreatedDate": "2023-03-03T13:47:28.703Z",
        "System.CreatedBy": "Ashley Rutland <Ashley.rutland@kainos.com>",
        "System.ChangedDate": "2023-03-09T08:16:15.907Z",
        "System.ChangedBy": "Ashley Rutland <Ashley.rutland@kainos.com>",
        "System.Title": "Route Table",
        "Microsoft.VSTS.Scheduling.Effort": 0.0,
        "System.Description": null,
        "System.AssignedTo": "Ashley Rutland <Ashley.rutland@kainos.com>",
        "Microsoft.VSTS.Scheduling.RemainingWork": 0.0,
        "Microsoft.VSTS.Common.Priority": 2.0,
        "System.BoardLane": null,
        "System.Tags": null,
        "Microsoft.VSTS.TCM.Steps": null,
        "Microsoft.VSTS.TCM.Parameters": null,
        "Microsoft.VSTS.TCM.LocalDataSource": null,
        "Microsoft.VSTS.TCM.AutomationStatus": null,
        "System.History": null
      },
      "relations": [
        {
          "rel": "Microsoft.VSTS.Common.Affects-Forward",
          "url": "https://dev.azure.com/Kainos-ALZ/_apis/wit/workItems/58",
          "attributes": {
            "isLocked": "false",
            "name": "Affects"
          }
        },
        {
          "rel": "System.LinkTypes.Hierarchy-Reverse",
          "url": "https://dev.azure.com/Kainos-ALZ/_apis/wit/workItems/58",
          "attributes": {
            "isLocked": "false",
            "name": "Parent"
          }
        }
      ],
      "url": "https://dev.azure.com/Kainos-ALZ/_apis/wit/workItems/1157"
    },
    {
      "id": 1158,
      "rev": 3,
      "fields": {
        "System.AreaPath": "Kainos Landing Zones",
        "System.TeamProject": "Kainos Landing Zones",
        "System.IterationPath": "$ProjectName$\\Sprint 4",
        "System.WorkItemType": "Task",
        "System.State": "Closed",
        "System.Reason": "Completed",
        "System.CreatedDate": "2023-03-03T13:47:45.36Z",
        "System.CreatedBy": "Ashley Rutland <Ashley.rutland@kainos.com>",
        "System.ChangedDate": "2023-03-08T09:44:58.517Z",
        "System.ChangedBy": "Ashley Rutland <Ashley.rutland@kainos.com>",
        "System.Title": "Vnet Peering",
        "Microsoft.VSTS.Scheduling.Effort": 0.0,
        "System.Description": null,
        "System.AssignedTo": "Daniel Rainbow <daniel.rainbow@kainos.com>",
        "Microsoft.VSTS.Scheduling.RemainingWork": 0.0,
        "Microsoft.VSTS.Common.Priority": 2.0,
        "System.BoardLane": null,
        "System.Tags": null,
        "Microsoft.VSTS.TCM.Steps": null,
        "Microsoft.VSTS.TCM.Parameters": null,
        "Microsoft.VSTS.TCM.LocalDataSource": null,
        "Microsoft.VSTS.TCM.AutomationStatus": null,
        "System.History": null
      },
      "relations": [
        {
          "rel": "Microsoft.VSTS.Common.Affects-Forward",
          "url": "https://dev.azure.com/Kainos-ALZ/_apis/wit/workItems/58",
          "attributes": {
            "isLocked": "false",
            "name": "Affects"
          }
        },
        {
          "rel": "System.LinkTypes.Hierarchy-Reverse",
          "url": "https://dev.azure.com/Kainos-ALZ/_apis/wit/workItems/58",
          "attributes": {
            "isLocked": "false",
            "name": "Parent"
          }
        }
      ],
      "url": "https://dev.azure.com/Kainos-ALZ/_apis/wit/workItems/1158"
    },
    {
      "id": 1176,
      "rev": 3,
      "fields": {
        "System.AreaPath": "Kainos Landing Zones",
        "System.TeamProject": "Kainos Landing Zones",
        "System.IterationPath": "$ProjectName$\\Sprint 4",
        "System.WorkItemType": "Task",
        "System.State": "Closed",
        "System.Reason": "Completed",
        "System.CreatedDate": "2023-03-09T08:16:57.277Z",
        "System.CreatedBy": "Ashley Rutland <Ashley.rutland@kainos.com>",
        "System.ChangedDate": "2023-03-14T09:37:56.397Z",
        "System.ChangedBy": "Ashley Rutland <Ashley.rutland@kainos.com>",
        "System.Title": "Add Variables to all code ",
        "Microsoft.VSTS.Scheduling.Effort": 0.0,
        "System.Description": null,
        "System.AssignedTo": "Daniel Rainbow <daniel.rainbow@kainos.com>",
        "Microsoft.VSTS.Scheduling.RemainingWork": 0.0,
        "Microsoft.VSTS.Common.Priority": 2.0,
        "System.BoardLane": null,
        "System.Tags": null,
        "Microsoft.VSTS.TCM.Steps": null,
        "Microsoft.VSTS.TCM.Parameters": null,
        "Microsoft.VSTS.TCM.LocalDataSource": null,
        "Microsoft.VSTS.TCM.AutomationStatus": null,
        "System.History": null
      },
      "relations": [
        {
          "rel": "System.LinkTypes.Hierarchy-Reverse",
          "url": "https://dev.azure.com/Kainos-ALZ/_apis/wit/workItems/58",
          "attributes": {
            "isLocked": "false",
            "name": "Parent"
          }
        }
      ],
      "url": "https://dev.azure.com/Kainos-ALZ/_apis/wit/workItems/1176"
    },
    {
      "id": 1177,
      "rev": 2,
      "fields": {
        "System.AreaPath": "Kainos Landing Zones",
        "System.TeamProject": "Kainos Landing Zones",
        "System.IterationPath": "$ProjectName$\\Sprint 4",
        "System.WorkItemType": "Task",
        "System.State": "Active",
        "System.Reason": "Work started",
        "System.CreatedDate": "2023-03-09T10:50:50.883Z",
        "System.CreatedBy": "Ashley Rutland <Ashley.rutland@kainos.com>",
        "System.ChangedDate": "2023-03-14T09:39:18.23Z",
        "System.ChangedBy": "Ashley Rutland <Ashley.rutland@kainos.com>",
        "System.Title": "Test Sandbox Deployment",
        "Microsoft.VSTS.Scheduling.Effort": 0.0,
        "System.Description": null,
        "System.AssignedTo": "Ashley Rutland <Ashley.rutland@kainos.com>",
        "Microsoft.VSTS.Scheduling.RemainingWork": 0.0,
        "Microsoft.VSTS.Common.Priority": 2.0,
        "System.BoardLane": null,
        "System.Tags": null,
        "Microsoft.VSTS.TCM.Steps": null,
        "Microsoft.VSTS.TCM.Parameters": null,
        "Microsoft.VSTS.TCM.LocalDataSource": null,
        "Microsoft.VSTS.TCM.AutomationStatus": null,
        "System.History": null
      },
      "relations": [
        {
          "rel": "System.LinkTypes.Hierarchy-Reverse",
          "url": "https://dev.azure.com/Kainos-ALZ/_apis/wit/workItems/1146",
          "attributes": {
            "isLocked": "false",
            "name": "Parent"
          }
        }
      ],
      "url": "https://dev.azure.com/Kainos-ALZ/_apis/wit/workItems/1177"
    },
    {
      "id": 1179,
      "rev": 1,
      "fields": {
        "System.AreaPath": "Kainos Landing Zones",
        "System.TeamProject": "Kainos Landing Zones",
        "System.IterationPath": "$ProjectName$\\Sprint 4",
        "System.WorkItemType": "Task",
        "System.State": "New",
        "System.Reason": "New",
        "System.CreatedDate": "2023-03-14T09:41:25Z",
        "System.CreatedBy": "Ashley Rutland <Ashley.rutland@kainos.com>",
        "System.ChangedDate": "2023-03-14T09:41:25Z",
        "System.ChangedBy": "Ashley Rutland <Ashley.rutland@kainos.com>",
        "System.Title": "Test Landing Zone Deployment",
        "Microsoft.VSTS.Scheduling.Effort": 0.0,
        "System.Description": null,
        "System.AssignedTo": "Ashley Rutland <Ashley.rutland@kainos.com>",
        "Microsoft.VSTS.Scheduling.RemainingWork": 0.0,
        "Microsoft.VSTS.Common.Priority": 2.0,
        "System.BoardLane": null,
        "System.Tags": null,
        "Microsoft.VSTS.TCM.Steps": null,
        "Microsoft.VSTS.TCM.Parameters": null,
        "Microsoft.VSTS.TCM.LocalDataSource": null,
        "Microsoft.VSTS.TCM.AutomationStatus": null,
        "System.History": null
      },
      "relations": [
        {
          "rel": "System.LinkTypes.Hierarchy-Reverse",
          "url": "https://dev.azure.com/Kainos-ALZ/_apis/wit/workItems/1146",
          "attributes": {
            "isLocked": "false",
            "name": "Parent"
          }
        }
      ],
      "url": "https://dev.azure.com/Kainos-ALZ/_apis/wit/workItems/1179"
    },
    {
      "id": 1180,
      "rev": 1,
      "fields": {
        "System.AreaPath": "Kainos Landing Zones",
        "System.TeamProject": "Kainos Landing Zones",
        "System.IterationPath": "$ProjectName$\\Sprint 4",
        "System.WorkItemType": "Task",
        "System.State": "New",
        "System.Reason": "New",
        "System.CreatedDate": "2023-03-14T09:42:03.813Z",
        "System.CreatedBy": "Ashley Rutland <Ashley.rutland@kainos.com>",
        "System.ChangedDate": "2023-03-14T09:42:03.813Z",
        "System.ChangedBy": "Ashley Rutland <Ashley.rutland@kainos.com>",
        "System.Title": "Test Firewall Policy",
        "Microsoft.VSTS.Scheduling.Effort": 0.0,
        "System.Description": null,
        "System.AssignedTo": null,
        "Microsoft.VSTS.Scheduling.RemainingWork": 0.0,
        "Microsoft.VSTS.Common.Priority": 2.0,
        "System.BoardLane": null,
        "System.Tags": null,
        "Microsoft.VSTS.TCM.Steps": null,
        "Microsoft.VSTS.TCM.Parameters": null,
        "Microsoft.VSTS.TCM.LocalDataSource": null,
        "Microsoft.VSTS.TCM.AutomationStatus": null,
        "System.History": null
      },
      "relations": [
        {
          "rel": "System.LinkTypes.Hierarchy-Reverse",
          "url": "https://dev.azure.com/Kainos-ALZ/_apis/wit/workItems/1146",
          "attributes": {
            "isLocked": "false",
            "name": "Parent"
          }
        }
      ],
      "url": "https://dev.azure.com/Kainos-ALZ/_apis/wit/workItems/1180"
    }
  ],
  "HttpStatusCode": 0,
  "Message": null
}