{
  "triggers": [
    {
      "branchFilters": [],
      "pathFilters": [],
      "settingsSourceType": 2,
      "batchChanges": false,
      "maxConcurrentBuildsPerBranch": 1,
      "triggerType": "continuousIntegration"
    }
  ],
  "properties": {},
  "tags": [],
  "_links": "{}",
  "jobAuthorizationScope": "projectCollection",
  "jobTimeoutInMinutes": 60,
  "jobCancelTimeoutInMinutes": 5,
  "process": {
    "yamlFilename": "Pipelines/deployments/build_deploy.yaml",
    "type": 2
  },
  "repository": {
    "properties": {
      "cloneUrl": "https://$Organization$@dev.azure.com/$Organization$/$ProjectName$/_git/KLZ",
      "fullName": "KLZ",
      "defaultBranch": "refs/heads/main",
      "isFork": "True",
      "safeRepository": "$KLZ$",
      "reportBuildStatus": "true",
      "fetchDepth": "1"
    },
    "id": "$KLZ$",
    "type": "TfsGit",
    "name": "KLZ",
    "url": "https://$Organization$@dev.azure.com/$Organization$/$ProjectName$/_git/KLZ",
    "defaultBranch": "refs/heads/main",
    "clean": null,
    "checkoutSubmodules": false
  },
  "quality": "definition",
  "authoredBy": "{}",
  "drafts": [],
  "queue": {
    "_links": {
      "self": {
        "href": "https://dev.azure.com/$Organization$/_apis/build/Queues/$Azure Pipelines$"
      }
    },
    "id": "$Azure Pipelines$",
    "name": "Azure Pipelines",
    "url": "https://dev.azure.com/$Organization$/_apis/build/Queues/$Azure Pipelines$",
    "pool": {
      "id": "",
      "name": "Azure Pipelines",
      "isHosted": true
    }
  },
  "id": "",
  "name": "Build Deploy",
  "url": "",
  "uri": "",
  "path": "\\",
  "type": "build",
  "queueStatus": "enabled",
  "revision": 2,
  "createdDate": "",
  "project": "{}"
}